ID,DATE_START,SEMESTER_ID,CLASS_ID,ASSESSMENT_TYPE,ASSESSMENTS_ID,USER_ID,ASSERTIV_VALUE,IRBO_GRADE
1,2023-03-27,2022-2,485,Lab 1,4399,1242,0.941,O
2,2023-04-05,2022-2,485,TP 1,4452,1242,0.506,R
3,2023-04-15,2022-2,485,Lab 2,4477,1242,0.836,B
4,2023-04-20,2022-2,485,TP 2,4526,1242,0.83,B
5,2023-05-07,2022-2,485,Lab 3,4553,1242,0.889,B
6,2023-05-08,2022-2,485,TP 3,4610,1242,0.991,O
7,2023-05-21,2022-2,485,Lab 4,4629,1242,0.175,I
8,2023-03-27,2022-2,485,Lab 1,4399,1946,0.741,R
9,2023-04-05,2022-2,485,TP 1,4452,1946,0.602,R
10,2023-04-12,2022-2,485,Lab 2,4477,1946,0.436,I
11,2023-04-20,2022-2,485,TP 2,4526,1946,0.625,R
12,2023-04-26,2022-2,485,Lab 3,4553,1946,0.348,I
13,2023-05-08,2022-2,485,TP 3,4610,1946,0.677,R
14,2023-03-22,2022-2,485,Lab 1,4399,4282,0.866,B
15,2023-04-05,2022-2,485,TP 1,4452,4282,0.9,O
16,2023-04-11,2022-2,485,Lab 2,4477,4282,0.766,R
17,2023-05-03,2022-2,485,Lab 3,4553,4282,0.447,I
18,2023-05-08,2022-2,485,TP 3,4610,4282,0.905,O
19,2023-05-17,2022-2,485,Lab 4,4629,4282,0.619,R
20,2023-05-22,2022-2,485,TP 4,4673,4282,0.817,B
21,2023-05-24,2022-2,485,Lab 5,4697,4282,0.395,I
22,2023-06-14,2022-2,485,Lab 6,4757,4282,0.331,I
23,2023-06-19,2022-2,485,TP 6,4797,4282,0.842,B
24,2023-03-27,2022-2,485,Lab 1,4399,4399,0.501,R
25,2023-04-05,2022-2,485,TP 1,4452,4399,0.775,R
26,2023-04-12,2022-2,485,Lab 2,4477,4399,0.648,R
27,2023-04-19,2022-2,485,TP 2,4526,4399,0.829,B
28,2023-04-25,2022-2,485,Lab 3,4553,4399,0.12,I
29,2023-05-13,2022-2,485,Lab 4,4629,4399,0.643,R
30,2023-05-22,2022-2,485,TP 4,4673,4399,0.651,R
31,2023-05-26,2022-2,485,Lab 5,4697,4399,0.577,R
32,2023-06-05,2022-2,485,TP 5,4749,4399,0.837,B
33,2023-06-14,2022-2,485,Lab 6,4757,4399,0.478,I
34,2023-06-19,2022-2,485,TP 6,4797,4399,0.678,R
35,2023-05-08,2022-2,485,TP 3,4610,4502,0.838,B
36,2023-03-27,2022-2,485,Lab 1,4399,6119,0.849,B
37,2023-04-13,2022-2,485,TP 1,4452,6119,0.957,O
38,2023-04-10,2022-2,485,Lab 2,4477,6119,0.602,R
39,2023-04-19,2022-2,485,TP 2,4526,6119,0.93,O
40,2023-04-26,2022-2,485,Lab 3,4553,6119,0.55,R
41,2023-05-08,2022-2,485,TP 3,4610,6119,0.905,O
42,2023-05-17,2022-2,485,Lab 4,4629,6119,0.456,I
43,2023-05-22,2022-2,485,TP 4,4673,6119,0.48,I
44,2023-05-29,2022-2,485,Lab 5,4697,6119,0.823,B
45,2023-06-19,2022-2,485,TP 6,4797,6119,0.323,I
46,2023-04-03,2022-2,485,Lab 1,4399,6141,0.916,O
47,2023-04-05,2022-2,485,TP 1,4452,6141,0.609,R
48,2023-04-17,2022-2,485,Lab 2,4477,6141,0.707,R
49,2023-04-19,2022-2,485,TP 2,4526,6141,0.577,R
50,2023-05-07,2022-2,485,Lab 3,4553,6141,0.75,R
51,2023-05-08,2022-2,485,TP 3,4610,6141,0.539,R
52,2023-05-22,2022-2,485,TP 4,4673,6141,0.334,I
53,2023-06-04,2022-2,485,Lab 5,4697,6141,0.589,R
54,2023-06-19,2022-2,485,Lab 6,4757,6141,1.0,O
55,2023-03-23,2022-2,485,Lab 1,4399,6358,0.971,O
56,2023-04-05,2022-2,485,TP 1,4452,6358,0.796,R
57,2023-04-17,2022-2,485,Lab 2,4477,6358,0.734,R
58,2023-04-19,2022-2,485,TP 2,4526,6358,0.747,R
59,2023-04-25,2022-2,485,Lab 3,4553,6358,0.786,R
60,2023-05-18,2022-2,485,Lab 4,4629,6358,0.364,I
61,2023-05-30,2022-2,485,Lab 5,4697,6358,0.979,O
62,2023-03-22,2022-2,485,Lab 1,4399,6421,0.967,O
63,2023-03-22,2022-2,485,Lab 1,4399,6612,0.706,R
64,2023-04-05,2022-2,485,TP 1,4452,6612,0.81,B
65,2023-04-10,2022-2,485,Lab 2,4477,6612,0.517,R
66,2023-04-19,2022-2,485,TP 2,4526,6612,0.721,R
67,2023-04-26,2022-2,485,Lab 3,4553,6612,0.629,R
68,2023-05-08,2022-2,485,TP 3,4610,6612,0.826,B
69,2023-05-15,2022-2,485,Lab 4,4629,6612,0.575,R
70,2023-05-22,2022-2,485,TP 4,4673,6612,0.24,I
71,2023-05-26,2022-2,485,Lab 5,4697,6612,0.774,R
72,2023-06-05,2022-2,485,TP 5,4749,6612,0.355,I
73,2023-06-19,2022-2,485,Lab 6,4757,6612,0.792,R
74,2023-06-19,2022-2,485,TP 6,4797,6612,0.52,R
75,2023-03-23,2022-2,485,Lab 1,4399,7104,0.859,B
76,2023-04-05,2022-2,485,TP 1,4452,7104,0.33,I
77,2023-04-11,2022-2,485,Lab 2,4477,7104,0.522,R
78,2023-04-19,2022-2,485,TP 2,4526,7104,0.413,I
79,2023-05-02,2022-2,485,Lab 3,4553,7104,0.481,I
80,2023-05-18,2022-2,485,Lab 4,4629,7104,0.412,I
81,2023-05-22,2022-2,485,TP 4,4673,7104,0.412,I
82,2023-06-03,2022-2,485,Lab 5,4697,7104,0.238,I
83,2023-06-05,2022-2,485,TP 5,4749,7104,0.4,I
84,2023-06-17,2022-2,485,Lab 6,4757,7104,0.33,I
85,2023-06-19,2022-2,485,TP 6,4797,7104,0.309,I
86,2023-03-23,2022-2,485,Lab 1,4399,7108,0.903,O
87,2023-04-05,2022-2,485,TP 1,4452,7108,0.711,R
88,2023-04-10,2022-2,485,Lab 2,4477,7108,0.475,I
89,2023-04-19,2022-2,485,TP 2,4526,7108,0.92,O
90,2023-05-04,2022-2,485,Lab 3,4553,7108,0.709,R
91,2023-05-08,2022-2,485,TP 3,4610,7108,0.92,O
92,2023-05-21,2022-2,485,Lab 4,4629,7108,0.586,R
93,2023-05-22,2022-2,485,TP 4,4673,7108,0.385,I
94,2023-06-08,2022-2,485,Lab 6,4757,7108,0.26,I
95,2023-06-19,2022-2,485,TP 6,4797,7108,0.365,I
96,2023-03-22,2022-2,485,Lab 1,4399,7214,0.707,R
97,2023-04-05,2022-2,485,TP 1,4452,7214,0.714,R
98,2023-04-12,2022-2,485,Lab 2,4477,7214,0.681,R

99,2023-03-22,2022-2,485,Lab 1,4399,7636,0.94,O
100,2023-04-05,2022-2,485,TP 1,4452,7636,0.83,B
101,2023-04-17,2022-2,485,Lab 2,4477,7636,0.521,R
102,2023-04-19,2022-2,485,TP 2,4526,7636,0.803,B
103,2023-05-03,2022-2,485,Lab 3,4553,7636,0.563,R
104,2023-05-08,2022-2,485,TP 3,4610,7636,0.894,B
105,2023-05-15,2022-2,485,Lab 4,4629,7636,0.524,R
106,2023-05-22,2022-2,485,TP 4,4673,7636,0.713,R
107,2023-05-29,2022-2,485,Lab 5,4697,7636,0.653,R
108,2023-06-05,2022-2,485,TP 5,4749,7636,0.765,R
109,2023-06-12,2022-2,485,Lab 6,4757,7636,0.715,R
110,2023-06-19,2022-2,485,TP 6,4797,7636,0.528,R

111,2023-03-23,2022-2,485,Lab 1,4399,7728,0.785,R
112,2023-04-10,2022-2,485,Lab 2,4477,7728,0.704,R
113,2023-03-23,2022-2,485,Lab 1,4399,8158,0.416,I
114,2023-04-05,2022-2,485,TP 1,4452,8158,0.408,I
115,2023-04-12,2022-2,485,Lab 2,4477,8158,0.776,R
116,2023-04-19,2022-2,485,TP 2,4526,8158,0.49,I
117,2023-04-27,2022-2,485,Lab 3,4553,8158,0.653,R
118,2023-05-08,2022-2,485,TP 3,4610,8158,0.828,B
119,2023-05-15,2022-2,485,Lab 4,4629,8158,0.756,R
120,2023-05-22,2022-2,485,TP 4,4673,8158,0.463,I
121,2023-05-29,2022-2,485,Lab 5,4697,8158,0.729,R
122,2023-06-05,2022-2,485,TP 5,4749,8158,0.438,I
123,2023-06-18,2022-2,485,Lab 6,4757,8158,0.811,B
124,2023-06-19,2022-2,485,TP 6,4797,8158,0.677,R
125,2023-03-23,2022-2,485,Lab 1,4399,8159,0.716,R
126,2023-04-05,2022-2,485,TP 1,4452,8159,0.807,B
127,2023-04-11,2022-2,485,Lab 2,4477,8159,0.499,I
128,2023-04-19,2022-2,485,TP 2,4526,8159,0.797,R
129,2023-04-26,2022-2,485,Lab 3,4553,8159,0.614,R
130,2023-05-08,2022-2,485,TP 3,4610,8159,0.873,B
131,2023-05-10,2022-2,485,Lab 4,4629,8159,0.411,I
132,2023-05-22,2022-2,485,TP 4,4673,8159,0.767,R
133,2023-05-26,2022-2,485,Lab 5,4697,8159,0.585,R
134,2023-06-05,2022-2,485,TP 5,4749,8159,0.807,B
135,2023-06-10,2022-2,485,Lab 6,4757,8159,0.531,R
136,2023-06-19,2022-2,485,TP 6,4797,8159,0.718,R
137,2023-03-22,2022-2,485,Lab 1,4399,8160,0.686,R
138,2023-04-05,2022-2,485,TP 1,4452,8160,0.83,B
139,2023-04-10,2022-2,485,Lab 2,4477,8160,0.581,R
140,2023-04-19,2022-2,485,TP 2,4526,8160,0.864,B
141,2023-04-24,2022-2,485,Lab 3,4553,8160,0.627,R
142,2023-05-08,2022-2,485,TP 3,4610,8160,0.792,R
143,2023-05-15,2022-2,485,Lab 4,4629,8160,0.6,R
144,2023-05-22,2022-2,485,TP 4,4673,8160,0.733,R
145,2023-05-29,2022-2,485,Lab 5,4697,8160,0.635,R
146,2023-06-05,2022-2,485,TP 5,4749,8160,0.663,R
147,2023-06-19,2022-2,485,Lab 6,4757,8160,0.851,B
148,2023-06-19,2022-2,485,TP 6,4797,8160,0.589,R
149,2023-03-30,2022-2,485,Lab 1,4399,8161,0.543,R
150,2023-04-13,2022-2,485,TP 1,4452,8161,0.599,R
151,2023-04-12,2022-2,485,Lab 2,4477,8161,0.466,I
152,2023-04-19,2022-2,485,TP 2,4526,8161,0.55,R
153,2023-05-15,2022-2,485,Lab 4,4629,8161,0.409,I
154,2023-05-31,2022-2,485,Lab 5,4697,8161,0.745,R
155,2023-03-22,2022-2,485,Lab 1,4399,8162,0.801,B
156,2023-04-13,2022-2,485,TP 1,4452,8162,0.777,R
157,2023-04-10,2022-2,485,Lab 2,4477,8162,0.626,R
158,2023-03-22,2022-2,485,Lab 1,4399,8163,0.84,B
159,2023-04-05,2022-2,485,TP 1,4452,8163,0.824,B
160,2023-04-11,2022-2,485,Lab 2,4477,8163,0.491,I
161,2023-04-19,2022-2,485,TP 2,4526,8163,0.711,R
162,2023-05-03,2022-2,485,Lab 3,4553,8163,0.874,B
163,2023-05-08,2022-2,485,TP 3,4610,8163,0.832,B
164,2023-05-16,2022-2,485,Lab 4,4629,8163,0.728,R
165,2023-05-29,2022-2,485,Lab 5,4697,8163,0.723,R
166,2023-06-05,2022-2,485,TP 5,4749,8163,0.455,I
167,2023-06-19,2022-2,485,Lab 6,4757,8163,0.987,O
168,2023-06-19,2022-2,485,TP 6,4797,8163,0.589,R
169,2023-03-23,2022-2,485,Lab 1,4399,8164,0.822,B
170,2023-04-05,2022-2,485,TP 1,4452,8164,0.86,B
171,2023-04-12,2022-2,485,Lab 2,4477,8164,0.549,R
172,2023-04-19,2022-2,485,TP 2,4526,8164,0.545,R
173,2023-04-27,2022-2,485,Lab 3,4553,8164,0.402,I
174,2023-05-08,2022-2,485,TP 3,4610,8164,0.643,R
175,2023-05-15,2022-2,485,Lab 4,4629,8164,0.568,R
176,2023-05-22,2022-2,485,TP 4,4673,8164,0.41,I
177,2023-06-05,2022-2,485,Lab 5,4697,8164,0.712,R
178,2023-06-05,2022-2,485,TP 5,4749,8164,0.582,R
179,2023-06-07,2022-2,485,Lab 6,4757,8164,0.695,R
180,2023-06-19,2022-2,485,TP 6,4797,8164,0.597,R
181,2023-03-27,2022-2,485,Lab 1,4399,8166,0.792,R
182,2023-05-05,2022-2,485,Lab 3,4553,8166,0.66,R
183,2023-03-23,2022-2,485,Lab 1,4399,8167,0.778,R
184,2023-04-05,2022-2,485,TP 1,4452,8167,0.801,B
185,2023-04-12,2022-2,485,Lab 2,4477,8167,0.826,B
186,2023-04-19,2022-2,485,TP 2,4526,8167,0.901,O
187,2023-04-25,2022-2,485,Lab 3,4553,8167,0.769,R
188,2023-05-08,2022-2,485,TP 3,4610,8167,0.932,O
189,2023-05-15,2022-2,485,Lab 4,4629,8167,0.813,B
190,2023-05-22,2022-2,485,TP 4,4673,8167,0.923,O
191,2023-05-28,2022-2,485,Lab 5,4697,8167,0.451,I
192,2023-06-05,2022-2,485,TP 5,4749,8167,0.838,B
193,2023-06-11,2022-2,485,Lab 6,4757,8167,0.734,R
194,2023-06-19,2022-2,485,TP 6,4797,8167,0.81,B
195,2023-03-23,2022-2,485,Lab 1,4399,8168,0.578,R
196,2023-04-05,2022-2,485,TP 1,4452,8168,0.758,R
197,2023-04-12,2022-2,485,Lab 2,4477,8168,0.682,R
198,2023-04-19,2022-2,485,TP 2,4526,8168,0.614,R
199,2023-04-27,2022-2,485,Lab 3,4553,8168,0.503,R
200,2023-05-08,2022-2,485,TP 3,4610,8168,0.727,R
201,2023-05-15,2022-2,485,Lab 4,4629,8168,0.558,R
202,2023-05-22,2022-2,485,TP 4,4673,8168,0.612,R
203,2023-05-25,2022-2,485,Lab 5,4697,8168,0.583,R
204,2023-06-05,2022-2,485,TP 5,4749,8168,0.59,R
205,2023-06-11,2022-2,485,Lab 6,4757,8168,0.63,R
206,2023-06-19,2022-2,485,TP 6,4797,8168,0.585,R
207,2023-03-23,2022-2,485,Lab 1,4399,8169,0.324,I
208,2023-04-05,2022-2,485,TP 1,4452,8169,0.692,R
209,2023-04-11,2022-2,485,Lab 2,4477,8169,0.652,R
210,2023-04-19,2022-2,485,TP 2,4526,8169,0.897,B
211,2023-04-25,2022-2,485,Lab 3,4553,8169,0.694,R
212,2023-05-08,2022-2,485,TP 3,4610,8169,0.843,B
213,2023-06-05,2022-2,485,Lab 5,4697,8169,0.745,R
214,2023-06-05,2022-2,485,TP 5,4749,8169,0.432,I
215,2023-06-12,2022-2,485,Lab 6,4757,8169,0.499,I
216,2023-06-19,2022-2,485,TP 6,4797,8169,0.5,R
217,2023-03-26,2022-2,485,Lab 1,4399,8170,0.55,R
218,2023-04-05,2022-2,485,TP 1,4452,8170,0.92,O
219,2023-04-12,2022-2,485,Lab 2,4477,8170,0.695,R
220,2023-04-19,2022-2,485,TP 2,4526,8170,0.621,R
221,2023-04-26,2022-2,485,Lab 3,4553,8170,0.567,R
222,2023-05-08,2022-2,485,TP 3,4610,8170,0.94,O
223,2023-05-14,2022-2,485,Lab 4,4629,8170,0.516,R
224,2023-05-22,2022-2,485,TP 4,4673,8170,0.657,R
225,2023-05-26,2022-2,485,Lab 5,4697,8170,0.442,I
226,2023-06-05,2022-2,485,TP 5,4749,8170,0.545,R
227,2023-06-07,2022-2,485,Lab 6,4757,8170,0.462,I
228,2023-06-19,2022-2,485,TP 6,4797,8170,0.53,R
229,2023-03-27,2022-2,485,Lab 1,4399,8171,0.919,O
230,2023-04-13,2022-2,485,TP 1,4452,8171,0.958,O
231,2023-04-11,2022-2,485,Lab 2,4477,8171,0.849,B
232,2023-04-19,2022-2,485,TP 2,4526,8171,0.922,O
233,2023-04-24,2022-2,485,Lab 3,4553,8171,0.899,B
234,2023-05-08,2022-2,485,TP 3,4610,8171,0.904,O
235,2023-05-15,2022-2,485,Lab 4,4629,8171,0.831,B
236,2023-05-29,2022-2,485,Lab 5,4697,8171,0.823,B
237,2023-06-05,2022-2,485,TP 5,4749,8171,0.903,O
238,2023-06-07,2022-2,485,Lab 6,4757,8171,0.883,B
239,2023-06-19,2022-2,485,TP 6,4797,8171,0.83,B
240,2023-03-27,2022-2,485,Lab 1,4399,8289,0.29,I
241,2023-04-05,2022-2,485,TP 1,4452,8289,0.188,I
242,2023-04-12,2022-2,485,Lab 2,4477,8289,0.347,I
243,2023-04-19,2022-2,485,TP 2,4526,8289,0.329,I
244,2023-04-26,2022-2,485,Lab 3,4553,8289,0.68,R
245,2023-05-08,2022-2,485,TP 3,4610,8289,0.377,I
246,2023-05-20,2022-2,485,Lab 4,4629,8289,0.258,I
247,2023-05-22,2022-2,485,TP 4,4673,8289,0.337,I
248,2023-05-29,2022-2,485,Lab 5,4697,8289,0.336,I
249,2023-06-14,2022-2,485,Lab 6,4757,8289,0.627,R
250,2023-03-23,2022-2,485,Lab 1,4399,8290,0.756,R
251,2023-04-13,2022-2,485,TP 1,4452,8290,0.889,B
252,2023-04-12,2022-2,485,Lab 2,4477,8290,0.461,I
253,2023-04-19,2022-2,485,TP 2,4526,8290,0.851,B
254,2023-05-04,2022-2,485,Lab 3,4553,8290,0.608,R
255,2023-05-08,2022-2,485,TP 3,4610,8290,0.812,B
256,2023-05-16,2022-2,485,Lab 4,4629,8290,0.666,R
257,2023-05-27,2022-2,485,Lab 5,4697,8290,0.666,R
258,2023-06-05,2022-2,485,TP 5,4749,8290,0.836,B
259,2023-06-10,2022-2,485,Lab 6,4757,8290,0.749,R
260,2023-03-27,2022-2,485,Lab 1,4399,8321,0.612,R
261,2023-04-05,2022-2,485,TP 1,4452,8321,0.693,R
262,2023-04-17,2022-2,485,Lab 2,4477,8321,0.486,I
263,2023-04-19,2022-2,485,TP 2,4526,8321,0.624,R
264,2023-04-26,2022-2,485,Lab 3,4553,8321,0.612,R
265,2023-05-08,2022-2,485,TP 3,4610,8321,0.839,B
266,2023-05-15,2022-2,485,Lab 4,4629,8321,0.474,I
267,2023-05-22,2022-2,485,TP 4,4673,8321,0.293,I
268,2023-05-29,2022-2,485,Lab 5,4697,8321,0.599,R
269,2023-06-05,2022-2,485,TP 5,4749,8321,0.547,R
270,2023-06-14,2022-2,485,Lab 6,4757,8321,0.518,R
271,2023-06-19,2022-2,485,TP 6,4797,8321,0.372,I
272,2023-03-27,2022-2,485,Lab 1,4399,8387,0.547,R
273,2023-03-26,2022-2,486,Lab 1,4407,1769,0.778,R
274,2023-04-05,2022-2,486,TP 1,4447,1769,0.911,O
275,2023-04-16,2022-2,486,Lab 2,4487,1769,0.808,B
276,2023-05-01,2022-2,486,Lab 3,4567,1769,0.612,R
277,2023-05-18,2022-2,486,Lab 4,4635,1769,0.804,B
278,2023-05-22,2022-2,486,TP 4,4675,1769,0.888,B
279,2023-06-03,2022-2,486,Lab 5,4706,1769,0.827,B
280,2023-06-05,2022-2,486,TP 5,4750,1769,0.932,O
281,2023-06-15,2022-2,486,Lab 6,4761,1769,0.683,R
282,2023-06-19,2022-2,486,TP 6,4798,1769,0.818,B
283,2023-04-18,2022-2,486,Lab 2,4487,2150,0.224,I
284,2023-03-27,2022-2,486,Lab 1,4407,2549,0.881,B
285,2023-04-05,2022-2,486,TP 1,4447,2549,0.933,O
286,2023-04-10,2022-2,486,Lab 2,4487,2549,0.891,B
287,2023-04-26,2022-2,486,Lab 3,4567,2549,0.736,R
288,2023-03-30,2022-2,486,Lab 1,4407,2846,0.739,R
289,2023-04-14,2022-2,486,Lab 2,4487,2846,0.536,R
290,2023-04-19,2022-2,486,TP 2,4536,2846,0.559,R
291,2023-05-07,2022-2,486,Lab 3,4567,2846,0.34,I
292,2023-04-04,2022-2,486,Lab 1,4407,3519,1.0,O
293,2023-03-27,2022-2,486,Lab 1,4407,4038,0.724,R
294,2023-03-23,2022-2,486,Lab 1,4407,4054,0.868,B
295,2023-04-05,2022-2,486,TP 1,4447,4054,0.535,R
296,2023-04-12,2022-2,486,Lab 2,4487,4054,0.664,R
297,2023-04-19,2022-2,486,TP 2,4536,4054,0.802,B
298,2023-04-29,2022-2,486,Lab 3,4567,4054,0.869,B
299,2023-05-08,2022-2,486,TP 3,4625,4054,0.812,B
300,2023-04-18,2022-2,486,Lab 2,4487,4640,0.809,B
301,2023-03-26,2022-2,486,Lab 1,4407,4742,0.813,B
302,2023-03-27,2022-2,486,Lab 1,4407,5023,0.645,R
303,2023-04-05,2022-2,486,TP 1,4447,5023,0.786,R
304,2023-04-13,2022-2,486,Lab 2,4487,5023,0.665,R
305,2023-04-19,2022-2,486,TP 2,4536,5023,0.886,B
306,2023-05-07,2022-2,486,Lab 3,4567,5023,0.588,R
307,2023-05-08,2022-2,486,TP 3,4625,5023,0.739,R
308,2023-05-18,2022-2,486,Lab 4,4635,5023,0.464,I
309,2023-05-22,2022-2,486,TP 4,4675,5023,0.64,R
310,2023-05-29,2022-2,486,Lab 5,4706,5023,0.293,I
311,2023-06-05,2022-2,486,TP 5,4750,5023,0.477,I
312,2023-06-15,2022-2,486,Lab 6,4761,5023,0.617,R
313,2023-06-19,2022-2,486,TP 6,4798,5023,0.765,R
314,2023-03-27,2022-2,486,Lab 1,4407,5038,0.717,R
315,2023-04-05,2022-2,486,TP 1,4447,5038,0.664,R
316,2023-04-13,2022-2,486,Lab 2,4487,5038,0.628,R
317,2023-04-19,2022-2,486,TP 2,4536,5038,0.667,R
318,2023-05-04,2022-2,486,Lab 3,4567,5038,0.448,I
319,2023-05-08,2022-2,486,TP 3,4625,5038,0.777,R
320,2023-05-18,2022-2,486,Lab 4,4635,5038,0.476,I
321,2023-05-22,2022-2,486,TP 4,4675,5038,0.865,B
322,2023-05-26,2022-2,486,Lab 5,4706,5038,0.46,I
323,2023-06-05,2022-2,486,TP 5,4750,5038,0.727,R
324,2023-06-15,2022-2,486,Lab 6,4761,5038,0.593,R
325,2023-06-19,2022-2,486,TP 6,4798,5038,0.787,R
326,2023-04-07,2022-2,486,Lab 1,4407,5509,0.778,R
327,2023-04-17,2022-2,486,Lab 2,4487,5509,0.748,R
328,2023-05-08,2022-2,486,Lab 3,4567,5509,0.914,O
329,2023-03-25,2022-2,486,Lab 1,4407,5654,0.824,B
330,2023-04-05,2022-2,486,TP 1,4447,5654,0.82,B
331,2023-03-24,2022-2,486,Lab 1,4407,6092,0.32,I
332,2023-04-05,2022-2,486,TP 1,4447,6092,0.536,R
333,2023-04-17,2022-2,486,Lab 2,4487,6092,0.391,I
334,2023-04-19,2022-2,486,TP 2,4536,6092,0.612,R
335,2023-05-04,2022-2,486,Lab 3,4567,6092,0.592,R
336,2023-05-08,2022-2,486,TP 3,4625,6092,0.525,R
337,2023-05-22,2022-2,486,Lab 4,4635,6092,0.685,R
338,2023-05-22,2022-2,486,TP 4,4675,6092,0.401,I
339,2023-06-01,2022-2,486,Lab 5,4706,6092,0.446,I
340,2023-06-05,2022-2,486,TP 5,4750,6092,0.528,R
341,2023-06-15,2022-2,486,Lab 6,4761,6092,0.192,I
342,2023-06-19,2022-2,486,TP 6,4798,6092,0.612,R
343,2023-03-27,2022-2,486,Lab 1,4407,6364,0.736,R
344,2023-04-05,2022-2,486,TP 1,4447,6364,0.521,R
345,2023-03-27,2022-2,486,Lab 1,4407,7150,1.0,O
346,2023-04-05,2022-2,486,TP 1,4447,7150,0.403,I
347,2023-04-19,2022-2,486,Lab 2,4487,7150,0.572,R
348,2023-04-04,2022-2,486,Lab 1,4407,7201,0.72,R
349,2023-04-05,2022-2,486,TP 1,4447,7201,0.176,I
350,2023-04-19,2022-2,486,TP 2,4536,7633,0.49,I
351,2023-03-23,2022-2,486,Lab 1,4407,7657,0.975,O
352,2023-04-05,2022-2,486,TP 1,4447,7657,0.639,R
353,2023-04-18,2022-2,486,Lab 2,4487,7657,0.512,R
354,2023-04-19,2022-2,486,TP 2,4536,7657,0.645,R
355,2023-05-08,2022-2,486,TP 3,4625,7657,0.812,B
356,2023-05-18,2022-2,486,Lab 4,4635,7657,0.479,I
357,2023-05-22,2022-2,486,TP 4,4675,7657,0.183,I
358,2023-06-19,2022-2,486,Lab 6,4761,7657,0.424,I
359,2023-06-19,2022-2,486,TP 6,4798,7657,0.367,I
360,2023-05-06,2022-2,486,Lab 3,4567,7659,0.282,I
361,2023-04-10,2022-2,486,Lab 1,4407,7675,0.925,O
362,2023-04-05,2022-2,486,TP 1,4447,7675,0.276,I
363,2023-04-19,2022-2,486,TP 2,4536,7675,0.085,I
364,2023-05-17,2022-2,486,Lab 4,4635,7675,0.661,R
365,2023-03-22,2022-2,486,Lab 1,4407,8172,0.634,R
366,2023-04-05,2022-2,486,TP 1,4447,8172,0.855,B
367,2023-04-19,2022-2,486,Lab 2,4487,8172,0.889,B
368,2023-04-19,2022-2,486,TP 2,4536,8172,0.892,B
369,2023-05-08,2022-2,486,TP 3,4625,8172,0.864,B
370,2023-05-22,2022-2,486,TP 4,4675,8172,0.33,I
371,2023-06-05,2022-2,486,Lab 5,4706,8172,0.7,R
372,2023-06-05,2022-2,486,TP 5,4750,8172,0.356,I
373,2023-06-19,2022-2,486,Lab 6,4761,8172,0.767,R
374,2023-06-19,2022-2,486,TP 6,4798,8172,0.232,I
375,2023-03-29,2022-2,486,Lab 1,4407,8199,0.484,I
376,2023-03-23,2022-2,486,Lab 1,4407,8200,0.698,R
377,2023-04-05,2022-2,486,TP 1,4447,8200,0.677,R
378,2023-04-11,2022-2,486,Lab 2,4487,8200,0.811,B
379,2023-04-19,2022-2,486,TP 2,4536,8200,0.887,B
380,2023-04-27,2022-2,486,Lab 3,4567,8200,0.673,R
381,2023-05-08,2022-2,486,TP 3,4625,8200,0.878,B
382,2023-05-11,2022-2,486,Lab 4,4635,8200,0.693,R
383,2023-05-22,2022-2,486,TP 4,4675,8200,0.911,O
384,2023-05-27,2022-2,486,Lab 5,4706,8200,0.871,B
385,2023-03-27,2022-2,486,Lab 1,4407,8201,0.93,O
386,2023-04-05,2022-2,486,TP 1,4447,8201,0.882,B
387,2023-04-12,2022-2,486,Lab 2,4487,8201,0.631,R
388,2023-04-19,2022-2,486,TP 2,4536,8201,0.883,B
389,2023-05-03,2022-2,486,Lab 3,4567,8201,0.512,R
390,2023-05-08,2022-2,486,TP 3,4625,8201,0.673,R
391,2023-05-17,2022-2,486,Lab 4,4635,8201,0.419,I
392,2023-05-22,2022-2,486,TP 4,4675,8201,0.662,R
393,2023-05-29,2022-2,486,Lab 5,4706,8201,0.592,R
394,2023-06-05,2022-2,486,TP 5,4750,8201,0.823,B
395,2023-06-12,2022-2,486,Lab 6,4761,8201,0.793,R
396,2023-06-19,2022-2,486,TP 6,4798,8201,0.756,R
397,2023-03-25,2022-2,486,Lab 1,4407,8204,0.677,R
398,2023-04-05,2022-2,486,TP 1,4447,8204,0.643,R
399,2023-04-19,2022-2,486,TP 2,4536,8204,0.514,R
400,2023-05-03,2022-2,486,Lab 3,4567,8204,0.505,R
401,2023-05-08,2022-2,486,TP 3,4625,8204,0.651,R
402,2023-05-20,2022-2,486,Lab 4,4635,8204,0.298,I
403,2023-05-22,2022-2,486,TP 4,4675,8204,0.357,I
404,2023-06-04,2022-2,486,Lab 5,4706,8204,0.514,R
405,2023-06-05,2022-2,486,TP 5,4750,8204,0.443,I
406,2023-06-17,2022-2,486,Lab 6,4761,8204,0.413,I
407,2023-06-19,2022-2,486,TP 6,4798,8204,0.428,I
408,2023-06-19,2022-2,486,TP 6,4798,8205,0.864,B
409,2023-03-27,2022-2,486,Lab 1,4407,8206,0.904,O
410,2023-04-05,2022-2,486,TP 1,4447,8206,0.243,I
411,2023-05-21,2022-2,486,Lab 4,4635,8206,0.894,B
412,2023-03-25,2022-2,486,Lab 1,4407,8207,0.582,R
413,2023-04-05,2022-2,486,TP 1,4447,8207,0.611,R
414,2023-04-17,2022-2,486,Lab 2,4487,8207,0.328,I
415,2023-04-19,2022-2,486,TP 2,4536,8207,0.543,R
416,2023-05-08,2022-2,486,Lab 3,4567,8207,0.611,R
417,2023-05-08,2022-2,486,TP 3,4625,8207,0.636,R
418,2023-05-18,2022-2,486,Lab 4,4635,8207,0.243,I
419,2023-05-22,2022-2,486,TP 4,4675,8207,0.243,I
420,2023-05-29,2022-2,486,Lab 5,4706,8207,0.707,R
421,2023-06-05,2022-2,486,TP 5,4750,8207,0.344,I
422,2023-06-14,2022-2,486,Lab 6,4761,8207,0.645,R
423,2023-06-19,2022-2,486,TP 6,4798,8207,0.435,I
424,2023-03-29,2022-2,486,Lab 1,4407,8308,0.712,R
425,2023-04-05,2022-2,486,TP 1,4447,8308,0.316,I
426,2023-04-17,2022-2,486,Lab 2,4487,8308,0.378,I
427,2023-04-19,2022-2,486,TP 2,4536,8308,0.528,R
428,2023-05-08,2022-2,486,Lab 3,4567,8308,0.718,R
429,2023-05-08,2022-2,486,TP 3,4625,8308,0.799,R
430,2023-05-22,2022-2,486,Lab 4,4635,8308,0.814,B
431,2023-05-22,2022-2,486,TP 4,4675,8308,0.655,R
432,2023-06-05,2022-2,486,TP 5,4750,8308,0.679,R
433,2023-03-29,2022-2,486,Lab 1,4407,8311,0.535,R
434,2023-03-29,2022-2,486,Lab 1,4407,8314,0.782,R
435,2023-04-05,2022-2,486,TP 1,4447,8314,0.372,I
436,2023-04-17,2022-2,486,Lab 2,4487,8314,0.587,R
437,2023-04-19,2022-2,486,TP 2,4536,8314,0.538,R
438,2023-05-08,2022-2,486,Lab 3,4567,8314,0.92,O
439,2023-05-22,2022-2,486,Lab 4,4635,8314,1.0,O
440,2023-05-22,2022-2,486,TP 4,4675,8314,0.45,I
441,2023-03-29,2022-2,486,Lab 1,4407,8391,0.506,R
442,2023-04-05,2022-2,486,TP 1,4447,8391,0.265,I
443,2023-04-16,2022-2,486,Lab 2,4487,8391,0.497,I
444,2023-04-19,2022-2,486,TP 2,4536,8391,0.272,I
445,2023-04-30,2022-2,486,Lab 3,4567,8391,0.584,R
446,2023-05-08,2022-2,486,TP 3,4625,8391,0.423,I
447,2023-05-21,2022-2,486,Lab 4,4635,8391,0.661,R
448,2023-05-22,2022-2,486,TP 4,4675,8391,0.206,I
449,2023-05-31,2022-2,486,Lab 5,4706,8391,0.713,R
450,2023-06-05,2022-2,486,TP 5,4750,8391,0.447,I
451,2023-06-12,2022-2,486,Lab 6,4761,8391,0.852,B
452,2023-06-19,2022-2,486,TP 6,4798,8391,0.251,I
453,2023-04-02,2022-2,486,Lab 1,4407,8436,0.687,R
454,2023-03-22,2022-2,487,Lab 1,4400,3615,0.811,B
455,2023-04-05,2022-2,487,TP 1,4453,3615,0.717,R
456,2023-04-12,2022-2,487,Lab 2,4481,3615,0.61,R
457,2023-04-26,2022-2,487,Lab 3,4551,3615,0.559,R
458,2023-05-08,2022-2,487,TP 3,4622,3615,0.799,R
459,2023-05-15,2022-2,487,Lab 4,4630,3615,0.545,R
460,2023-05-22,2022-2,487,TP 4,4671,3615,0.776,R
461,2023-06-04,2022-2,487,Lab 5,4698,3615,0.646,R
462,2023-06-05,2022-2,487,TP 5,4745,3615,0.865,B
463,2023-06-12,2022-2,487,Lab 6,4759,3615,0.598,R
464,2023-06-19,2022-2,487,TP 6,4792,3615,0.69,R
465,2023-03-28,2022-2,487,Lab 1,4400,3956,0.499,I
466,2023-04-05,2022-2,487,TP 1,4453,3956,0.866,B
467,2023-04-12,2022-2,487,Lab 2,4481,3956,0.84,B
468,2023-04-19,2022-2,487,TP 2,4542,3956,0.814,B
469,2023-05-01,2022-2,487,Lab 3,4551,3956,0.686,R
470,2023-05-08,2022-2,487,TP 3,4622,3956,0.855,B
471,2023-05-21,2022-2,487,Lab 4,4630,3956,0.886,B
472,2023-05-22,2022-2,487,TP 4,4671,3956,0.668,R
473,2023-05-30,2022-2,487,Lab 5,4698,3956,0.74,R
474,2023-06-05,2022-2,487,TP 5,4745,3956,0.385,I
475,2023-06-19,2022-2,487,Lab 6,4759,3956,0.659,R
476,2023-06-19,2022-2,487,TP 6,4792,3956,0.711,R
477,2023-03-27,2022-2,487,Lab 1,4400,3964,0.775,R
478,2023-04-05,2022-2,487,TP 1,4453,3964,0.724,R
479,2023-04-11,2022-2,487,Lab 2,4481,3964,0.781,R
480,2023-04-19,2022-2,487,TP 2,4542,3964,0.8,B
481,2023-05-01,2022-2,487,Lab 3,4551,3964,0.591,R
482,2023-05-08,2022-2,487,TP 3,4622,3964,0.895,B
483,2023-05-16,2022-2,487,Lab 4,4630,3964,0.725,R
484,2023-05-22,2022-2,487,TP 4,4671,3964,0.718,R
485,2023-06-05,2022-2,487,Lab 5,4698,3964,0.436,I
486,2023-06-05,2022-2,487,TP 5,4745,3964,0.632,R
487,2023-06-18,2022-2,487,Lab 6,4759,3964,0.689,R
488,2023-06-19,2022-2,487,TP 6,4792,3964,0.523,R
489,2023-04-01,2022-2,487,Lab 1,4400,5679,1.0,O
490,2023-04-18,2022-2,487,Lab 2,4481,5679,0.107,I
491,2023-03-27,2022-2,487,Lab 1,4400,6262,0.576,R
492,2023-04-05,2022-2,487,TP 1,4453,6262,0.458,I
493,2023-04-17,2022-2,487,Lab 2,4481,6262,0.663,R
494,2023-04-19,2022-2,487,TP 2,4542,6262,0.616,R
495,2023-04-26,2022-2,487,Lab 3,4551,6262,0.464,I
496,2023-05-08,2022-2,487,TP 3,4622,6262,0.631,R
497,2023-05-15,2022-2,487,Lab 4,4630,6262,0.305,I
498,2023-05-22,2022-2,487,TP 4,4671,6262,0.705,R
499,2023-05-29,2022-2,487,Lab 5,4698,6262,0.4,I
500,2023-06-05,2022-2,487,TP 5,4745,6262,0.28,I
501,2023-06-14,2022-2,487,Lab 6,4759,6262,0.476,I
502,2023-06-19,2022-2,487,TP 6,4792,6262,0.431,I
503,2023-04-05,2022-2,487,TP 1,4453,6479,0.418,I
504,2023-04-10,2022-2,487,Lab 2,4481,6479,0.413,I
505,2023-04-19,2022-2,487,TP 2,4542,6479,0.483,I
506,2023-05-02,2022-2,487,Lab 3,4551,6479,0.444,I
507,2023-05-08,2022-2,487,TP 3,4622,6479,0.863,B
508,2023-05-10,2022-2,487,Lab 4,4630,6479,0.233,I
509,2023-05-22,2022-2,487,TP 4,4671,6479,0.487,I
510,2023-05-25,2022-2,487,Lab 5,4698,6479,0.097,I
511,2023-06-05,2022-2,487,TP 5,4745,6479,0.422,I
512,2023-06-08,2022-2,487,Lab 6,4759,6479,0.335,I
513,2023-06-19,2022-2,487,TP 6,4792,6479,0.734,R
514,2023-03-27,2022-2,487,Lab 1,4400,7140,0.746,R
515,2023-04-05,2022-2,487,TP 1,4453,7140,0.68,R
516,2023-04-12,2022-2,487,Lab 2,4481,7140,0.561,R
517,2023-04-19,2022-2,487,TP 2,4542,7140,0.871,B
518,2023-05-06,2022-2,487,Lab 3,4551,7140,0.257,I
519,2023-05-08,2022-2,487,TP 3,4622,7140,0.797,R
520,2023-05-15,2022-2,487,Lab 4,4630,7140,0.385,I
521,2023-05-22,2022-2,487,TP 4,4671,7140,0.729,R
522,2023-05-29,2022-2,487,Lab 5,4698,7140,0.522,R
523,2023-06-05,2022-2,487,TP 5,4745,7140,0.546,R
524,2023-06-12,2022-2,487,Lab 6,4759,7140,0.418,I
525,2023-06-19,2022-2,487,TP 6,4792,7140,0.388,I
526,2023-03-27,2022-2,487,Lab 1,4400,8178,0.091,I
527,2023-04-05,2022-2,487,TP 1,4453,8178,0.761,R
528,2023-04-17,2022-2,487,Lab 2,4481,8178,0.18,I
529,2023-04-25,2022-2,487,Lab 3,4551,8178,1.0,O
530,2023-03-27,2022-2,487,Lab 1,4400,8180,0.599,R
531,2023-04-05,2022-2,487,TP 1,4453,8180,0.441,I
532,2023-04-18,2022-2,487,Lab 2,4481,8180,0.48,I
533,2023-04-19,2022-2,487,TP 2,4542,8180,0.745,R
534,2023-05-08,2022-2,487,Lab 3,4551,8180,1.0,O
535,2023-05-08,2022-2,487,TP 3,4622,8180,0.465,I
536,2023-05-22,2022-2,487,Lab 4,4630,8180,0.861,B
537,2023-05-22,2022-2,487,TP 4,4671,8180,0.323,I
538,2023-05-29,2022-2,487,Lab 5,4698,8180,0.416,I
539,2023-06-05,2022-2,487,TP 5,4745,8180,0.436,I
540,2023-06-14,2022-2,487,Lab 6,4759,8180,0.71,R
541,2023-06-19,2022-2,487,TP 6,4792,8180,0.494,I
542,2023-03-25,2022-2,487,Lab 1,4400,8181,0.598,R
543,2023-04-05,2022-2,487,TP 1,4453,8181,0.514,R
544,2023-04-14,2022-2,487,Lab 2,4481,8181,0.624,R
545,2023-04-19,2022-2,487,TP 2,4542,8181,0.725,R
546,2023-05-03,2022-2,487,Lab 3,4551,8181,0.673,R
547,2023-05-08,2022-2,487,TP 3,4622,8181,0.842,B
548,2023-05-15,2022-2,487,Lab 4,4630,8181,0.669,R
549,2023-05-22,2022-2,487,TP 4,4671,8181,0.522,R
550,2023-05-27,2022-2,487,Lab 5,4698,8181,0.413,I
551,2023-06-05,2022-2,487,TP 5,4745,8181,0.562,R
552,2023-06-09,2022-2,487,Lab 6,4759,8181,0.536,R
553,2023-06-19,2022-2,487,TP 6,4792,8181,0.49,I
554,2023-04-03,2022-2,487,Lab 1,4400,8182,0.506,R
555,2023-04-05,2022-2,487,TP 1,4453,8182,0.478,I
556,2023-04-18,2022-2,487,Lab 2,4481,8182,0.853,B
557,2023-04-19,2022-2,487,TP 2,4542,8182,0.581,R
558,2023-05-07,2022-2,487,Lab 3,4551,8182,0.99,O
559,2023-05-08,2022-2,487,TP 3,4622,8182,0.598,R
560,2023-03-22,2022-2,487,Lab 1,4400,8183,0.701,R
561,2023-04-05,2022-2,487,TP 1,4453,8183,0.825,B
562,2023-04-12,2022-2,487,Lab 2,4481,8183,0.608,R
563,2023-04-19,2022-2,487,TP 2,4542,8183,0.796,R
564,2023-05-07,2022-2,487,Lab 3,4551,8183,0.781,R
565,2023-05-08,2022-2,487,TP 3,4622,8183,0.819,B
566,2023-05-22,2022-2,487,Lab 4,4630,8183,1.0,O
567,2023-05-22,2022-2,487,TP 4,4671,8183,0.379,I
568,2023-05-29,2022-2,487,Lab 5,4698,8183,0.606,R
569,2023-06-05,2022-2,487,TP 5,4745,8183,0.383,I
570,2023-06-07,2022-2,487,Lab 6,4759,8183,0.579,R
571,2023-06-19,2022-2,487,TP 6,4792,8183,0.497,I
572,2023-03-31,2022-2,487,Lab 1,4400,8184,0.823,B
573,2023-04-05,2022-2,487,TP 1,4453,8184,0.476,I
574,2023-04-17,2022-2,487,Lab 2,4481,8184,0.604,R
575,2023-04-19,2022-2,487,TP 2,4542,8184,0.529,R
576,2023-05-07,2022-2,487,Lab 3,4551,8184,0.509,R
577,2023-05-08,2022-2,487,TP 3,4622,8184,0.498,I
578,2023-05-21,2022-2,487,Lab 4,4630,8184,0.688,R
579,2023-05-22,2022-2,487,TP 4,4671,8184,0.474,I
580,2023-05-29,2022-2,487,Lab 5,4698,8184,0.361,I
581,2023-06-05,2022-2,487,TP 5,4745,8184,0.394,I
582,2023-06-12,2022-2,487,Lab 6,4759,8184,0.526,R
583,2023-06-19,2022-2,487,TP 6,4792,8184,0.365,I
584,2023-03-22,2022-2,487,Lab 1,4400,8185,0.69,R
585,2023-04-05,2022-2,487,TP 1,4453,8185,0.738,R
586,2023-04-17,2022-2,487,Lab 2,4481,8185,0.544,R
587,2023-04-19,2022-2,487,TP 2,4542,8185,0.573,R
588,2023-05-08,2022-2,487,Lab 3,4551,8185,0.407,I
589,2023-05-08,2022-2,487,TP 3,4622,8185,0.709,R
590,2023-05-22,2022-2,487,Lab 4,4630,8185,0.38,I
591,2023-05-22,2022-2,487,TP 4,4671,8185,0.331,I
592,2023-06-05,2022-2,487,Lab 5,4698,8185,0.735,R
593,2023-06-05,2022-2,487,TP 5,4745,8185,0.466,I
594,2023-06-18,2022-2,487,Lab 6,4759,8185,0.9,O
595,2023-03-27,2022-2,487,Lab 1,4400,8186,0.758,R
596,2023-04-05,2022-2,487,TP 1,4453,8186,0.675,R
597,2023-04-12,2022-2,487,Lab 2,4481,8186,0.589,R
598,2023-04-19,2022-2,487,TP 2,4542,8186,0.812,B
599,2023-05-03,2022-2,487,Lab 3,4551,8186,1.0,O
600,2023-05-08,2022-2,487,TP 3,4622,8186,0.79,R
601,2023-05-15,2022-2,487,Lab 4,4630,8186,0.652,R
602,2023-05-22,2022-2,487,TP 4,4671,8186,0.633,R
603,2023-05-29,2022-2,487,Lab 5,4698,8186,0.68,R
604,2023-06-05,2022-2,487,TP 5,4745,8186,0.486,I
605,2023-06-12,2022-2,487,Lab 6,4759,8186,0.759,R
606,2023-06-19,2022-2,487,TP 6,4792,8186,0.522,R
607,2023-04-03,2022-2,487,Lab 1,4400,8187,0.689,R
608,2023-04-05,2022-2,487,TP 1,4453,8187,0.6,R
609,2023-04-12,2022-2,487,Lab 2,4481,8187,0.774,R
610,2023-04-19,2022-2,487,TP 2,4542,8187,0.833,B
611,2023-05-03,2022-2,487,Lab 3,4551,8187,0.752,R
612,2023-05-08,2022-2,487,TP 3,4622,8187,0.812,B
613,2023-05-15,2022-2,487,Lab 4,4630,8187,0.709,R
614,2023-05-22,2022-2,487,TP 4,4671,8187,0.682,R
615,2023-06-05,2022-2,487,Lab 5,4698,8187,0.836,B
616,2023-06-05,2022-2,487,TP 5,4745,8187,0.692,R
617,2023-06-12,2022-2,487,Lab 6,4759,8187,0.703,R
618,2023-06-19,2022-2,487,TP 6,4792,8187,0.733,R
619,2023-03-27,2022-2,487,Lab 1,4400,8188,0.682,R
620,2023-04-05,2022-2,487,TP 1,4453,8188,0.595,R
621,2023-04-12,2022-2,487,Lab 2,4481,8188,0.659,R
622,2023-04-19,2022-2,487,TP 2,4542,8188,0.849,B
623,2023-05-03,2022-2,487,Lab 3,4551,8188,0.831,B
624,2023-05-08,2022-2,487,TP 3,4622,8188,0.775,R
625,2023-05-14,2022-2,487,Lab 4,4630,8188,0.463,I
626,2023-05-22,2022-2,487,TP 4,4671,8188,0.507,R
627,2023-05-29,2022-2,487,Lab 5,4698,8188,0.366,I
628,2023-06-05,2022-2,487,TP 5,4745,8188,0.529,R
629,2023-06-12,2022-2,487,Lab 6,4759,8188,0.775,R
630,2023-06-19,2022-2,487,TP 6,4792,8188,0.564,R
631,2023-04-05,2022-2,487,TP 1,4453,8189,0.469,I
632,2023-04-10,2022-2,487,Lab 2,4481,8189,0.746,R
633,2023-04-19,2022-2,487,TP 2,4542,8189,0.595,R
634,2023-05-07,2022-2,487,Lab 3,4551,8189,0.881,B
635,2023-05-08,2022-2,487,TP 3,4622,8189,0.612,R
636,2023-05-22,2022-2,487,Lab 4,4630,8189,0.837,B
637,2023-05-22,2022-2,487,TP 4,4671,8189,0.721,R
638,2023-05-29,2022-2,487,Lab 5,4698,8189,0.871,B
639,2023-06-05,2022-2,487,TP 5,4745,8189,0.472,I
640,2023-06-07,2022-2,487,Lab 6,4759,8189,0.465,I
641,2023-06-19,2022-2,487,TP 6,4792,8189,0.708,R
642,2023-03-27,2022-2,487,Lab 1,4400,8190,0.924,O
643,2023-04-05,2022-2,487,TP 1,4453,8190,0.537,R
644,2023-04-17,2022-2,487,Lab 2,4481,8190,0.597,R
645,2023-04-19,2022-2,487,TP 2,4542,8190,0.821,B
646,2023-05-08,2022-2,487,TP 3,4622,8190,0.68,R
647,2023-05-22,2022-2,487,Lab 4,4630,8190,0.98,O
648,2023-05-22,2022-2,487,TP 4,4671,8190,0.246,I
649,2023-06-05,2022-2,487,Lab 5,4698,8190,0.931,O
650,2023-06-05,2022-2,487,TP 5,4745,8190,0.421,I
651,2023-04-05,2022-2,487,TP 1,4453,8191,0.118,I
652,2023-04-17,2022-2,487,Lab 2,4481,8191,0.752,R
653,2023-04-19,2022-2,487,TP 2,4542,8191,0.258,I
654,2023-05-08,2022-2,487,TP 3,4622,8191,0.526,R
655,2023-05-22,2022-2,487,TP 4,4671,8191,0.17,I
656,2023-03-22,2022-2,487,Lab 1,4400,8192,0.495,I
657,2023-04-05,2022-2,487,TP 1,4453,8192,0.575,R
658,2023-04-14,2022-2,487,Lab 2,4481,8192,0.548,R
659,2023-04-19,2022-2,487,TP 2,4542,8192,0.797,R
660,2023-04-26,2022-2,487,Lab 3,4551,8192,0.54,R
661,2023-05-08,2022-2,487,TP 3,4622,8192,0.823,B
662,2023-05-15,2022-2,487,Lab 4,4630,8192,0.493,I
663,2023-05-22,2022-2,487,TP 4,4671,8192,0.751,R
664,2023-05-29,2022-2,487,Lab 5,4698,8192,0.391,I
665,2023-06-05,2022-2,487,TP 5,4745,8192,0.597,R
666,2023-06-09,2022-2,487,Lab 6,4759,8192,0.445,I
667,2023-06-19,2022-2,487,TP 6,4792,8192,0.575,R
668,2023-03-22,2022-2,487,Lab 1,4400,8193,0.687,R
669,2023-04-05,2022-2,487,TP 1,4453,8193,0.547,R
670,2023-04-18,2022-2,487,Lab 2,4481,8193,0.728,R
671,2023-04-19,2022-2,487,TP 2,4542,8193,0.677,R
672,2023-05-03,2022-2,487,Lab 3,4551,8193,0.862,B
673,2023-05-08,2022-2,487,TP 3,4622,8193,0.824,B
674,2023-05-17,2022-2,487,Lab 4,4630,8193,0.631,R
675,2023-05-29,2022-2,487,Lab 5,4698,8193,0.864,B
676,2023-06-05,2022-2,487,TP 5,4745,8193,0.39,I
677,2023-06-15,2022-2,487,Lab 6,4759,8193,0.608,R
678,2023-06-19,2022-2,487,TP 6,4792,8193,0.426,I
679,2023-03-22,2022-2,487,Lab 1,4400,8194,0.213,I
680,2023-04-05,2022-2,487,TP 1,4453,8194,0.49,I
681,2023-04-13,2022-2,487,Lab 2,4481,8194,0.622,R
682,2023-04-19,2022-2,487,TP 2,4542,8194,0.762,R
683,2023-05-07,2022-2,487,Lab 3,4551,8194,0.827,B
684,2023-05-22,2022-2,487,Lab 4,4630,8194,0.999,O
685,2023-06-05,2022-2,487,Lab 5,4698,8194,0.822,B
686,2023-06-05,2022-2,487,TP 5,4745,8194,0.272,I
687,2023-06-18,2022-2,487,Lab 6,4759,8194,0.457,I
688,2023-06-19,2022-2,487,TP 6,4792,8194,0.367,I
689,2023-03-22,2022-2,487,Lab 1,4400,8195,0.291,I
690,2023-04-05,2022-2,487,TP 1,4453,8195,0.389,I
691,2023-04-12,2022-2,487,Lab 2,4481,8195,0.416,I
692,2023-04-19,2022-2,487,TP 2,4542,8195,0.747,R
693,2023-05-07,2022-2,487,Lab 3,4551,8195,0.43,I
694,2023-05-08,2022-2,487,TP 3,4622,8195,0.797,R
695,2023-05-15,2022-2,487,Lab 4,4630,8195,0.321,I
696,2023-05-22,2022-2,487,TP 4,4671,8195,0.422,I
697,2023-05-27,2022-2,487,Lab 5,4698,8195,0.485,I
698,2023-06-05,2022-2,487,TP 5,4745,8195,0.409,I
699,2023-06-12,2022-2,487,Lab 6,4759,8195,0.542,R
700,2023-06-19,2022-2,487,TP 6,4792,8195,0.471,I
701,2023-04-05,2022-2,487,TP 1,4453,8196,0.105,I
702,2023-04-12,2022-2,487,Lab 2,4481,8196,0.707,R
703,2023-04-19,2022-2,487,TP 2,4542,8196,0.378,I
704,2023-05-07,2022-2,487,Lab 3,4551,8196,0.946,O
705,2023-05-08,2022-2,487,TP 3,4622,8196,0.557,R
706,2023-05-22,2022-2,487,Lab 4,4630,8196,0.879,B
707,2023-05-22,2022-2,487,TP 4,4671,8196,0.32,I
708,2023-06-04,2022-2,487,Lab 5,4698,8196,0.765,R
709,2023-06-05,2022-2,487,TP 5,4745,8196,0.474,I
710,2023-06-12,2022-2,487,Lab 6,4759,8196,0.448,I
711,2023-06-19,2022-2,487,TP 6,4792,8196,0.618,R
712,2023-03-27,2022-2,487,Lab 1,4400,8300,0.84,B
713,2023-04-05,2022-2,487,TP 1,4453,8300,0.315,I
714,2023-04-12,2022-2,487,Lab 2,4481,8300,0.483,I
715,2023-04-19,2022-2,487,TP 2,4542,8300,0.262,I
716,2023-05-08,2022-2,487,Lab 3,4551,8300,0.8,B
717,2023-05-08,2022-2,487,TP 3,4622,8300,0.272,I
718,2023-05-21,2022-2,487,Lab 4,4630,8300,0.369,I
719,2023-05-22,2022-2,487,TP 4,4671,8300,0.26,I
720,2023-06-04,2022-2,487,Lab 5,4698,8300,0.812,B
721,2023-06-05,2022-2,487,TP 5,4745,8300,0.145,I
722,2023-06-18,2022-2,487,Lab 6,4759,8300,0.905,O
723,2023-06-19,2022-2,487,TP 6,4792,8300,0.35,I
724,2023-04-19,2022-2,487,Lab 2,4481,8302,0.753,R
725,2023-04-19,2022-2,487,TP 2,4542,8302,0.252,I
726,2023-04-27,2022-2,487,Lab 3,4551,8302,0.109,I
727,2023-05-22,2022-2,487,Lab 4,4630,8302,0.941,O
728,2023-06-04,2022-2,487,Lab 5,4698,8302,0.436,I
729,2023-03-29,2022-2,487,Lab 1,4400,8389,0.813,B
730,2023-04-05,2022-2,487,TP 1,4453,8389,0.516,R
731,2023-04-12,2022-2,487,Lab 2,4481,8389,0.401,I
732,2023-04-19,2022-2,487,TP 2,4542,8389,0.684,R
733,2023-05-03,2022-2,487,Lab 3,4551,8389,0.427,I
734,2023-05-08,2022-2,487,TP 3,4622,8389,0.654,R
735,2023-05-17,2022-2,487,Lab 4,4630,8389,0.32,I
736,2023-05-22,2022-2,487,TP 4,4671,8389,0.296,I
737,2023-05-29,2022-2,487,Lab 5,4698,8389,0.591,R
738,2023-06-05,2022-2,487,TP 5,4745,8389,0.332,I
739,2023-06-14,2022-2,487,Lab 6,4759,8389,0.664,R
740,2023-06-05,2022-2,488,Lab 5,4699,3213,0.994,O
741,2023-03-27,2022-2,488,Lab 1,4405,4846,0.786,R
742,2023-04-11,2022-2,488,TP 1,4484,4846,0.401,I
743,2023-04-24,2022-2,488,Lab 2,4506,4846,0.722,R
744,2023-04-25,2022-2,488,TP 2,4562,4846,0.887,B
745,2023-05-08,2022-2,488,Lab 3,4564,4846,0.356,I
746,2023-05-09,2022-2,488,TP 3,4626,4846,0.483,I
747,2023-05-16,2022-2,488,Lab 4,4636,4846,0.508,R
748,2023-05-23,2022-2,488,TP 4,4682,4846,0.446,I
749,2023-05-30,2022-2,488,Lab 5,4699,4846,0.592,R
750,2023-06-13,2022-2,488,TP 5,4768,4846,0.543,R
751,2023-06-21,2022-2,488,Lab 6,4769,4846,0.426,I
752,2023-06-29,2022-2,488,TP 6,4832,4846,0.642,R
753,2023-04-25,2022-2,488,Lab 2,4506,6074,0.51,R
754,2023-04-25,2022-2,488,TP 2,4562,6074,0.523,R
755,2023-05-09,2022-2,488,Lab 3,4564,6074,0.733,R
756,2023-05-09,2022-2,488,TP 3,4626,6074,0.915,O
757,2023-05-16,2022-2,488,Lab 4,4636,6074,0.361,I
758,2023-05-30,2022-2,488,Lab 5,4699,6074,0.301,I
759,2023-06-13,2022-2,488,TP 5,4768,6074,0.564,R
760,2023-06-29,2022-2,488,TP 6,4832,6074,0.65,R
761,2023-03-28,2022-2,488,Lab 1,4405,6216,0.701,R
762,2023-04-11,2022-2,488,TP 1,4484,6216,0.35,I
763,2023-04-24,2022-2,488,Lab 2,4506,6216,0.583,R
764,2023-05-08,2022-2,488,Lab 3,4564,6216,0.648,R
765,2023-05-16,2022-2,488,Lab 4,4636,6216,0.509,R
766,2023-06-04,2022-2,488,Lab 5,4699,6216,0.656,R
767,2023-06-13,2022-2,488,TP 5,4768,6216,0.465,I
768,2023-06-29,2022-2,488,Lab 6,4769,6216,0.947,O
769,2023-06-29,2022-2,488,TP 6,4832,6216,0.817,B
770,2023-04-18,2022-2,488,Lab 2,4506,6391,0.845,B
771,2023-03-27,2022-2,488,Lab 1,4405,6485,0.715,R
772,2023-04-11,2022-2,488,TP 1,4484,6485,0.395,I
773,2023-04-18,2022-2,488,Lab 2,4506,6485,0.572,R
774,2023-05-04,2022-2,488,Lab 3,4564,6485,0.478,I
775,2023-05-09,2022-2,488,TP 3,4626,6485,0.648,R
776,2023-05-16,2022-2,488,Lab 4,4636,6485,0.395,I
777,2023-05-23,2022-2,488,TP 4,4682,6485,0.188,I
778,2023-06-02,2022-2,488,Lab 5,4699,6485,0.521,R
779,2023-06-13,2022-2,488,TP 5,4768,6485,0.349,I
780,2023-06-16,2022-2,488,Lab 6,4769,6485,0.375,I
781,2023-06-29,2022-2,488,TP 6,4832,6485,0.433,I
782,2023-03-27,2022-2,488,Lab 1,4405,7169,0.604,R
783,2023-04-11,2022-2,488,TP 1,4484,7169,0.429,I
784,2023-04-13,2022-2,488,Lab 2,4506,7169,0.338,I
785,2023-04-25,2022-2,488,TP 2,4562,7169,0.651,R
786,2023-05-04,2022-2,488,Lab 3,4564,7169,0.497,I
787,2023-05-09,2022-2,488,TP 3,4626,7169,0.683,R
788,2023-05-18,2022-2,488,Lab 4,4636,7169,0.365,I
789,2023-05-23,2022-2,488,TP 4,4682,7169,0.547,R
790,2023-06-05,2022-2,488,Lab 5,4699,7169,0.459,I
791,2023-06-13,2022-2,488,TP 5,4768,7169,0.266,I
792,2023-06-22,2022-2,488,Lab 6,4769,7169,0.495,I
793,2023-06-29,2022-2,488,TP 6,4832,7169,0.48,I
794,2023-03-30,2022-2,488,Lab 1,4405,8210,0.646,R
795,2023-04-11,2022-2,488,TP 1,4484,8210,0.67,R
796,2023-04-13,2022-2,488,Lab 2,4506,8210,0.793,R
797,2023-04-25,2022-2,488,TP 2,4562,8210,0.894,B
798,2023-05-09,2022-2,488,Lab 3,4564,8210,0.462,I
799,2023-05-09,2022-2,488,TP 3,4626,8210,0.855,B
800,2023-05-16,2022-2,488,Lab 4,4636,8210,0.29,I
801,2023-05-23,2022-2,488,TP 4,4682,8210,0.513,R
802,2023-06-01,2022-2,488,Lab 5,4699,8210,0.467,I
803,2023-06-13,2022-2,488,TP 5,4768,8210,0.679,R
804,2023-06-20,2022-2,488,Lab 6,4769,8210,0.584,R
805,2023-06-29,2022-2,488,TP 6,4832,8210,0.72,R
806,2023-04-03,2022-2,488,Lab 1,4405,8211,0.57,R
807,2023-04-11,2022-2,488,TP 1,4484,8211,0.564,R
808,2023-04-17,2022-2,488,Lab 2,4506,8211,0.446,I
809,2023-04-25,2022-2,488,TP 2,4562,8211,0.705,R
810,2023-05-04,2022-2,488,Lab 3,4564,8211,0.573,R
811,2023-05-09,2022-2,488,TP 3,4626,8211,0.861,B
812,2023-05-18,2022-2,488,Lab 4,4636,8211,0.735,R
813,2023-06-27,2022-2,488,Lab 6,4769,8211,0.543,R
814,2023-04-01,2022-2,488,Lab 1,4405,8213,0.342,I
815,2023-04-11,2022-2,488,TP 1,4484,8213,0.761,R
816,2023-04-24,2022-2,488,Lab 2,4506,8213,0.586,R
817,2023-05-06,2022-2,488,Lab 3,4564,8213,0.587,R
818,2023-05-09,2022-2,488,TP 3,4626,8213,0.746,R
819,2023-05-18,2022-2,488,Lab 4,4636,8213,0.475,I
820,2023-05-23,2022-2,488,TP 4,4682,8213,0.264,I
821,2023-06-05,2022-2,488,Lab 5,4699,8213,0.584,R
822,2023-06-13,2022-2,488,TP 5,4768,8213,0.191,I
823,2023-06-22,2022-2,488,Lab 6,4769,8213,0.409,I
824,2023-06-29,2022-2,488,TP 6,4832,8213,0.611,R
825,2023-03-30,2022-2,488,Lab 1,4405,8217,0.822,B
826,2023-04-13,2022-2,488,Lab 2,4506,8217,0.412,I
827,2023-04-25,2022-2,488,TP 2,4562,8217,0.373,I
828,2023-05-09,2022-2,488,Lab 3,4564,8217,0.655,R
829,2023-05-09,2022-2,488,TP 3,4626,8217,0.684,R
830,2023-05-22,2022-2,488,Lab 4,4636,8217,0.703,R
831,2023-05-23,2022-2,488,TP 4,4682,8217,0.542,R
832,2023-06-12,2022-2,488,Lab 5,4699,8217,0.258,I
833,2023-06-28,2022-2,488,Lab 6,4769,8217,0.428,I
834,2023-06-29,2022-2,488,TP 6,4832,8217,0.596,R
835,2023-05-02,2022-2,488,Lab 3,4564,8222,0.262,I
836,2023-05-09,2022-2,488,TP 3,4626,8222,0.0,I
837,2023-05-15,2022-2,488,Lab 4,4636,8222,0.055,I
838,2023-04-10,2022-2,488,Lab 1,4405,8228,0.48,I
839,2023-04-11,2022-2,488,TP 1,4484,8228,0.532,R
840,2023-04-24,2022-2,488,Lab 2,4506,8228,0.259,I
841,2023-04-25,2022-2,488,TP 2,4562,8228,0.211,I
842,2023-05-09,2022-2,488,Lab 3,4564,8228,0.524,R
843,2023-05-09,2022-2,488,TP 3,4626,8228,0.608,R
844,2023-05-22,2022-2,488,Lab 4,4636,8228,0.293,I
845,2023-05-23,2022-2,488,TP 4,4682,8228,0.163,I
846,2023-04-11,2022-2,488,TP 1,4484,8322,0.0,I
847,2023-04-11,2022-2,488,TP 1,4484,8403,0.229,I
848,2023-04-24,2022-2,488,Lab 2,4506,8403,0.844,B
849,2023-05-08,2022-2,488,Lab 3,4564,8403,0.368,I
850,2023-05-09,2022-2,488,TP 3,4626,8403,0.665,R
851,2023-05-11,2022-2,488,Lab 4,4636,8403,0.528,R
852,2023-05-23,2022-2,488,TP 4,4682,8403,0.234,I
853,2023-06-12,2022-2,488,Lab 5,4699,8403,0.795,R
854,2023-06-13,2022-2,488,TP 5,4768,8403,0.234,I
855,2023-06-28,2022-2,488,Lab 6,4769,8403,0.656,R
856,2023-06-29,2022-2,488,TP 6,4832,8403,0.461,I
857,2023-03-24,2022-2,490,Lab 1,4411,3773,0.459,I
858,2023-04-11,2022-2,490,TP 1,4493,3773,0.348,I
859,2023-04-23,2022-2,490,Lab 2,4513,3773,0.541,R
860,2023-04-25,2022-2,490,TP 2,4573,3773,0.319,I
861,2023-05-11,2022-2,490,Lab 3,4584,3773,0.493,I
862,2023-05-11,2022-2,490,TP 3,4637,3773,0.587,R
863,2023-05-17,2022-2,490,Lab 4,4664,3773,0.38,I
864,2023-03-30,2022-2,490,Lab 1,4411,3775,0.866,B
865,2023-04-11,2022-2,490,TP 1,4493,3775,0.41,I
866,2023-04-25,2022-2,490,Lab 2,4513,3775,0.721,R
867,2023-04-25,2022-2,490,TP 2,4573,3775,0.241,I
868,2023-05-11,2022-2,490,Lab 3,4584,3775,0.919,O
869,2023-05-11,2022-2,490,TP 3,4637,3775,0.431,I
870,2023-05-25,2022-2,490,Lab 4,4664,3775,0.452,I
871,2023-05-25,2022-2,490,TP 4,4704,3775,0.547,R
872,2023-06-13,2022-2,490,TP 5,4778,3775,0.169,I
873,2023-06-27,2022-2,490,TP 6,4822,3775,0.582,R
874,2023-03-27,2022-2,490,Lab 1,4411,4542,0.508,R
875,2023-04-25,2022-2,490,Lab 2,4513,4542,0.795,R
876,2023-05-29,2022-2,490,Lab 3,4584,4542,0.67,R
877,2023-05-23,2022-2,490,Lab 4,4664,4542,0.647,R
878,2023-03-23,2022-2,490,Lab 1,4411,4773,0.866,B
879,2023-04-11,2022-2,490,TP 1,4493,4773,0.364,I
880,2023-04-18,2022-2,490,Lab 2,4513,4773,0.645,R
881,2023-04-25,2022-2,490,TP 2,4573,4773,0.593,R
882,2023-05-04,2022-2,490,Lab 3,4584,4773,0.473,I
883,2023-05-11,2022-2,490,TP 3,4637,4773,0.473,I
884,2023-05-22,2022-2,490,Lab 4,4664,4773,0.502,R
885,2023-05-25,2022-2,490,TP 4,4704,4773,0.915,O
886,2023-06-20,2022-2,490,Lab 5,4741,4773,0.572,R
887,2023-06-13,2022-2,490,TP 5,4778,4773,0.19,I
888,2023-06-22,2022-2,490,Lab 6,4784,4773,0.645,R
889,2023-06-27,2022-2,490,TP 6,4822,4773,0.484,I
890,2023-03-23,2022-2,490,Lab 1,4411,4777,0.919,O
891,2023-04-11,2022-2,490,TP 1,4493,4777,0.582,R
892,2023-04-20,2022-2,490,Lab 2,4513,4777,0.591,R
893,2023-04-25,2022-2,490,TP 2,4573,4777,0.576,R
894,2023-05-10,2022-2,490,Lab 3,4584,4777,0.785,R
895,2023-05-11,2022-2,490,TP 3,4637,4777,0.514,R
896,2023-05-18,2022-2,490,Lab 4,4664,4777,0.864,B
897,2023-05-25,2022-2,490,TP 4,4704,4777,0.566,R
898,2023-06-20,2022-2,490,Lab 5,4741,4777,0.909,O
899,2023-06-13,2022-2,490,TP 5,4778,4777,0.207,I
900,2023-06-22,2022-2,490,Lab 6,4784,4777,0.862,B
901,2023-06-27,2022-2,490,TP 6,4822,4777,0.382,I
902,2023-03-28,2022-2,490,Lab 1,4411,5476,0.865,B
903,2023-03-23,2022-2,490,Lab 1,4411,6124,0.872,B
904,2023-04-11,2022-2,490,TP 1,4493,6124,0.548,R
905,2023-04-25,2022-2,490,Lab 2,4513,6124,0.642,R
906,2023-04-25,2022-2,490,TP 2,4573,6124,0.465,I
907,2023-05-09,2022-2,490,Lab 3,4584,6124,0.811,B
908,2023-05-11,2022-2,490,TP 3,4637,6124,0.569,R
909,2023-05-18,2022-2,490,Lab 4,4664,6124,0.642,R
910,2023-05-25,2022-2,490,TP 4,4704,6124,0.244,I
911,2023-06-07,2022-2,490,Lab 5,4741,6124,0.688,R
912,2023-06-13,2022-2,490,TP 5,4778,6124,0.053,I
913,2023-06-22,2022-2,490,Lab 6,4784,6124,0.641,R
914,2023-06-27,2022-2,490,TP 6,4822,6124,0.464,I
915,2023-03-23,2022-2,490,Lab 1,4411,6464,0.563,R
916,2023-04-11,2022-2,490,TP 1,4493,6464,0.677,R
917,2023-04-20,2022-2,490,Lab 2,4513,6464,0.325,I
918,2023-04-25,2022-2,490,TP 2,4573,6464,0.846,B
919,2023-05-10,2022-2,490,Lab 3,4584,6464,0.624,R
920,2023-05-11,2022-2,490,TP 3,4637,6464,0.854,B
921,2023-05-23,2022-2,490,Lab 4,4664,6464,0.551,R
922,2023-05-25,2022-2,490,TP 4,4704,6464,0.703,R
923,2023-06-02,2022-2,490,Lab 5,4741,6464,0.745,R
924,2023-06-13,2022-2,490,TP 5,4778,6464,0.713,R
925,2023-06-20,2022-2,490,Lab 6,4784,6464,0.537,R
926,2023-06-27,2022-2,490,TP 6,4822,6464,0.88,B
927,2023-03-30,2022-2,490,Lab 1,4411,7193,0.921,O
928,2023-03-30,2022-2,490,Lab 1,4411,7217,0.814,B
929,2023-04-11,2022-2,490,TP 1,4493,7217,0.179,I
930,2023-04-25,2022-2,490,Lab 2,4513,7217,0.675,R
931,2023-04-25,2022-2,490,TP 2,4573,7217,0.267,I
932,2023-05-11,2022-2,490,Lab 3,4584,7217,0.874,B
933,2023-05-11,2022-2,490,TP 3,4637,7217,0.523,R
934,2023-05-25,2022-2,490,TP 4,4704,7217,1.0,O
935,2023-06-13,2022-2,490,TP 5,4778,7217,0.735,R
936,2023-03-23,2022-2,490,Lab 1,4411,7682,0.744,R
937,2023-04-11,2022-2,490,TP 1,4493,7682,0.866,B
938,2023-05-11,2022-2,490,TP 3,4637,7682,0.791,R
939,2023-06-27,2022-2,490,Lab 6,4784,7682,0.358,I
940,2023-04-11,2022-2,490,TP 1,4493,8227,0.199,I
941,2023-04-18,2022-2,490,Lab 2,4513,8227,0.514,R
942,2023-04-25,2022-2,490,TP 2,4573,8227,0.36,I
943,2023-05-30,2022-2,490,Lab 3,4584,8227,0.564,R
944,2023-05-11,2022-2,490,TP 3,4637,8227,0.191,I
945,2023-05-18,2022-2,490,Lab 4,4664,8227,0.572,R
946,2023-05-25,2022-2,490,TP 4,4704,8227,0.644,R
947,2023-06-01,2022-2,490,Lab 5,4741,8227,0.201,I
948,2023-06-13,2022-2,490,TP 5,4778,8227,0.286,I
949,2023-06-20,2022-2,490,Lab 6,4784,8227,0.306,I
950,2023-06-27,2022-2,490,TP 6,4822,8227,0.429,I
951,2023-03-28,2022-2,490,Lab 1,4411,8229,0.475,I
952,2023-04-11,2022-2,490,TP 1,4493,8229,0.39,I
953,2023-04-25,2022-2,490,Lab 2,4513,8229,0.542,R
954,2023-04-25,2022-2,490,TP 2,4573,8229,0.588,R
955,2023-05-11,2022-2,490,TP 3,4637,8229,0.353,I
956,2023-05-18,2022-2,490,Lab 4,4664,8229,0.62,R
957,2023-05-25,2022-2,490,TP 4,4704,8229,0.307,I
958,2023-06-13,2022-2,490,TP 5,4778,8229,0.448,I
959,2023-06-27,2022-2,490,TP 6,4822,8229,0.648,R
960,2023-03-25,2022-2,490,Lab 1,4411,8230,0.491,I
961,2023-04-11,2022-2,490,TP 1,4493,8230,0.416,I
962,2023-04-18,2022-2,490,Lab 2,4513,8230,0.367,I
963,2023-05-18,2022-2,490,Lab 4,4664,8230,0.409,I
964,2023-06-01,2022-2,490,Lab 5,4741,8230,0.881,B
965,2023-06-13,2022-2,490,TP 5,4778,8230,0.358,I
966,2023-03-23,2022-2,490,Lab 1,4411,8231,0.565,R
967,2023-04-11,2022-2,490,TP 1,4493,8231,0.409,I
968,2023-04-24,2022-2,490,Lab 2,4513,8231,1.0,O
969,2023-03-30,2022-2,490,Lab 1,4411,8232,0.69,R
970,2023-04-11,2022-2,490,TP 1,4493,8232,0.331,I
971,2023-04-25,2022-2,490,Lab 2,4513,8232,0.551,R
972,2023-04-25,2022-2,490,TP 2,4573,8232,0.461,I
973,2023-05-11,2022-2,490,TP 3,4637,8232,0.252,I
974,2023-05-25,2022-2,490,TP 4,4704,8232,0.567,R
975,2023-06-13,2022-2,490,TP 5,4778,8232,0.72,R
976,2023-03-28,2022-2,490,Lab 1,4411,8233,0.576,R
977,2023-04-11,2022-2,490,TP 1,4493,8233,0.702,R
978,2023-04-18,2022-2,490,Lab 2,4513,8233,0.592,R
979,2023-04-25,2022-2,490,TP 2,4573,8233,0.689,R
980,2023-05-23,2022-2,490,Lab 4,4664,8233,0.549,R
981,2023-05-25,2022-2,490,TP 4,4704,8233,0.368,I
982,2023-06-01,2022-2,490,Lab 5,4741,8233,0.745,R
983,2023-06-13,2022-2,490,TP 5,4778,8233,0.757,R
984,2023-06-20,2022-2,490,Lab 6,4784,8233,0.582,R
985,2023-06-27,2022-2,490,TP 6,4822,8233,0.89,B
986,2023-03-23,2022-2,490,Lab 1,4411,8234,0.442,I
987,2023-04-11,2022-2,490,TP 1,4493,8234,0.763,R
988,2023-04-20,2022-2,490,Lab 2,4513,8234,0.507,R
989,2023-04-25,2022-2,490,TP 2,4573,8234,0.852,B
990,2023-05-11,2022-2,490,Lab 3,4584,8234,0.481,I
991,2023-05-11,2022-2,490,TP 3,4637,8234,0.868,B
992,2023-05-23,2022-2,490,Lab 4,4664,8234,0.52,R
993,2023-05-25,2022-2,490,TP 4,4704,8234,0.522,R
994,2023-06-20,2022-2,490,Lab 5,4741,8234,0.587,R
995,2023-06-13,2022-2,490,TP 5,4778,8234,0.573,R
996,2023-06-26,2022-2,490,Lab 6,4784,8234,0.257,I
997,2023-06-27,2022-2,490,TP 6,4822,8234,0.818,B
998,2023-03-30,2022-2,490,Lab 1,4411,8243,0.776,R
999,2023-04-11,2022-2,490,TP 1,4493,8243,0.635,R
1000,2023-04-13,2022-2,490,Lab 2,4513,8243,0.865,B
1001,2023-03-28,2022-2,490,Lab 1,4411,8324,0.551,R
1002,2023-04-11,2022-2,490,TP 1,4493,8324,0.245,I
1003,2023-04-23,2022-2,490,Lab 2,4513,8324,0.365,I
1004,2023-04-25,2022-2,490,TP 2,4573,8324,0.557,R
1005,2023-05-10,2022-2,490,Lab 3,4584,8324,0.505,R
1006,2023-05-11,2022-2,490,TP 3,4637,8324,0.266,I
1007,2023-05-25,2022-2,490,Lab 4,4664,8324,0.432,I
1008,2023-05-25,2022-2,490,TP 4,4704,8324,0.557,R
1009,2023-06-20,2022-2,490,Lab 5,4741,8324,0.433,I
1010,2023-06-13,2022-2,490,TP 5,4778,8324,0.441,I
1011,2023-06-27,2022-2,490,Lab 6,4784,8324,0.655,R
1012,2023-03-26,2022-2,490,Lab 1,4411,8325,0.402,I
1013,2023-04-11,2022-2,490,TP 1,4493,8325,0.218,I
1014,2023-04-18,2022-2,490,Lab 2,4513,8325,0.607,R
1015,2023-04-25,2022-2,490,TP 2,4573,8325,0.814,B
1016,2023-05-10,2022-2,490,Lab 3,4584,8325,0.629,R
1017,2023-05-11,2022-2,490,TP 3,4637,8325,0.85,B
1018,2023-05-18,2022-2,490,Lab 4,4664,8325,0.13,I
1019,2023-05-25,2022-2,490,TP 4,4704,8325,0.522,R
1020,2023-06-01,2022-2,490,Lab 5,4741,8325,0.441,I
1021,2023-06-13,2022-2,490,TP 5,4778,8325,0.349,I
1022,2023-06-23,2022-2,490,Lab 6,4784,8325,0.421,I
1023,2023-06-27,2022-2,490,TP 6,4822,8325,0.548,R
1024,2023-04-05,2022-2,490,Lab 1,4411,8326,0.761,R
1025,2023-04-11,2022-2,490,TP 1,4493,8326,0.644,R
1026,2023-04-25,2022-2,490,Lab 2,4513,8326,0.654,R
1027,2023-04-25,2022-2,490,TP 2,4573,8326,0.0,I
1028,2023-05-09,2022-2,490,Lab 3,4584,8326,0.877,B
1029,2023-05-11,2022-2,490,TP 3,4637,8326,0.489,I
1030,2023-05-25,2022-2,490,Lab 4,4664,8326,0.48,I
1031,2023-05-25,2022-2,490,TP 4,4704,8326,0.508,R
1032,2023-06-13,2022-2,490,TP 5,4778,8326,0.129,I
1033,2023-03-30,2022-2,490,Lab 1,4411,8408,0.392,I
1034,2023-04-11,2022-2,490,TP 1,4493,8408,0.326,I
1035,2023-04-18,2022-2,490,Lab 2,4513,8408,0.618,R
1036,2023-04-25,2022-2,490,TP 2,4573,8408,0.733,R
1037,2023-05-02,2022-2,490,Lab 3,4584,8408,0.402,I
1038,2023-05-23,2022-2,490,Lab 4,4664,8408,0.483,I
1039,2023-05-25,2022-2,490,TP 4,4704,8408,0.434,I
1040,2023-06-21,2022-2,490,Lab 5,4741,8408,0.416,I
1041,2023-06-22,2022-2,490,Lab 6,4784,8408,0.554,R
1042,2023-06-27,2022-2,490,TP 6,4822,8408,0.324,I
1043,2023-03-30,2022-2,490,Lab 1,4411,8409,0.543,R
1044,2023-04-11,2022-2,490,TP 1,4493,8409,0.673,R
1045,2023-04-18,2022-2,490,Lab 2,4513,8409,0.534,R
1046,2023-04-25,2022-2,490,TP 2,4573,8409,0.635,R
1047,2023-05-11,2022-2,490,Lab 3,4584,8409,0.428,I
1048,2023-05-11,2022-2,490,TP 3,4637,8409,0.903,O
1049,2023-05-23,2022-2,490,Lab 4,4664,8409,0.444,I
1050,2023-05-25,2022-2,490,TP 4,4704,8409,0.578,R
1051,2023-06-01,2022-2,490,Lab 5,4741,8409,0.556,R
1052,2023-06-13,2022-2,490,TP 5,4778,8409,0.338,I
1053,2023-06-27,2022-2,490,Lab 6,4784,8409,0.321,I
1054,2023-06-27,2022-2,490,TP 6,4822,8409,0.5,R
1055,2023-06-26,2022-2,490,Lab 6,4784,8516,0.401,I
1056,2023-04-02,2022-2,491,Lab 1,4403,4263,0.656,R
1057,2023-04-11,2022-2,491,TP 1,4440,4263,0.76,R
1058,2023-04-23,2022-2,491,Lab 2,4515,4263,0.663,R
1059,2023-04-25,2022-2,491,TP 2,4535,4263,0.732,R
1060,2023-05-04,2022-2,491,Lab 3,4571,4263,0.715,R
1061,2023-05-09,2022-2,491,TP 3,4617,4263,0.724,R
1062,2023-05-16,2022-2,491,Lab 4,4640,4263,0.405,I
1063,2023-04-06,2022-2,491,Lab 1,4403,4419,0.786,R
1064,2023-04-11,2022-2,491,TP 1,4440,4419,0.83,B
1065,2023-04-11,2022-2,491,TP 1,4440,4742,0.857,B
1066,2023-03-23,2022-2,491,Lab 1,4403,6431,0.98,O
1067,2023-04-25,2022-2,491,Lab 2,4515,6431,0.645,R
1068,2023-04-25,2022-2,491,TP 2,4535,6431,0.804,B
1069,2023-05-02,2022-2,491,Lab 3,4571,6431,0.476,I
1070,2023-05-09,2022-2,491,TP 3,4617,6431,0.85,B
1071,2023-05-22,2022-2,491,Lab 4,4640,6431,0.374,I
1072,2023-05-23,2022-2,491,TP 4,4672,6431,0.541,R
1073,2023-05-26,2022-2,491,Lab 5,4716,6431,0.679,R
1074,2023-06-06,2022-2,491,TP 5,4746,6431,0.742,R
1075,2023-06-14,2022-2,491,Lab 6,4763,6431,0.162,I
1076,2023-04-11,2022-2,491,Lab 1,4403,7170,0.745,R
1077,2023-04-11,2022-2,491,TP 1,4440,7170,0.551,R
1078,2023-04-18,2022-2,491,Lab 2,4515,7170,0.683,R
1079,2023-04-25,2022-2,491,TP 2,4535,7170,0.856,B
1080,2023-05-04,2022-2,491,Lab 3,4571,7170,0.361,I
1081,2023-05-23,2022-2,491,Lab 4,4640,7170,0.25,I
1082,2023-05-23,2022-2,491,TP 4,4672,7170,0.298,I
1083,2023-06-06,2022-2,491,Lab 5,4716,7170,0.704,R
1084,2023-06-06,2022-2,491,TP 5,4746,7170,0.319,I
1085,2023-06-15,2022-2,491,Lab 6,4763,7170,0.478,I
1086,2023-06-22,2022-2,491,TP 6,4793,7170,0.307,I
1087,2023-03-27,2022-2,491,Lab 1,4403,7237,0.812,B
1088,2023-04-11,2022-2,491,TP 1,4440,7237,0.575,R
1089,2023-04-15,2022-2,491,Lab 2,4515,7237,0.682,R
1090,2023-04-25,2022-2,491,TP 2,4535,7237,0.848,B
1091,2023-05-02,2022-2,491,Lab 3,4571,7237,0.57,R
1092,2023-05-09,2022-2,491,TP 3,4617,7237,0.861,B
1093,2023-05-15,2022-2,491,Lab 4,4640,7237,0.52,R
1094,2023-05-23,2022-2,491,TP 4,4672,7237,0.356,I
1095,2023-05-30,2022-2,491,Lab 5,4716,7237,0.595,R
1096,2023-06-06,2022-2,491,TP 5,4746,7237,0.604,R
1097,2023-06-21,2022-2,491,Lab 6,4763,7237,0.818,B
1098,2023-03-28,2022-2,491,Lab 1,4403,8244,0.908,O
1099,2023-04-11,2022-2,491,TP 1,4440,8244,0.67,R
1100,2023-04-20,2022-2,491,Lab 2,4515,8244,0.727,R
1101,2023-04-25,2022-2,491,TP 2,4535,8244,0.877,B
1102,2023-05-04,2022-2,491,Lab 3,4571,8244,0.747,R
1103,2023-05-09,2022-2,491,TP 3,4617,8244,0.836,B
1104,2023-05-16,2022-2,491,Lab 4,4640,8244,0.589,R
1105,2023-05-23,2022-2,491,TP 4,4672,8244,0.68,R
1106,2023-06-05,2022-2,491,Lab 5,4716,8244,0.449,I
1107,2023-06-06,2022-2,491,TP 5,4746,8244,0.756,R
1108,2023-06-19,2022-2,491,Lab 6,4763,8244,0.63,R
1109,2023-06-22,2022-2,491,TP 6,4793,8244,0.844,B
1110,2023-03-28,2022-2,491,Lab 1,4403,8245,0.744,R
1111,2023-04-11,2022-2,491,TP 1,4440,8245,0.62,R
1112,2023-04-20,2022-2,491,Lab 2,4515,8245,0.76,R
1113,2023-04-25,2022-2,491,TP 2,4535,8245,0.708,R
1114,2023-05-05,2022-2,491,Lab 3,4571,8245,0.543,R
1115,2023-05-09,2022-2,491,TP 3,4617,8245,0.858,B
1116,2023-05-16,2022-2,491,Lab 4,4640,8245,0.716,R
1117,2023-05-23,2022-2,491,TP 4,4672,8245,0.772,R
1118,2023-06-06,2022-2,491,Lab 5,4716,8245,0.88,B
1119,2023-06-06,2022-2,491,TP 5,4746,8245,0.475,I
1120,2023-06-22,2022-2,491,Lab 6,4763,8245,0.808,B
1121,2023-03-30,2022-2,491,Lab 1,4403,8247,0.653,R
1122,2023-04-11,2022-2,491,TP 1,4440,8247,0.777,R
1123,2023-04-16,2022-2,491,Lab 2,4515,8247,0.857,B
1124,2023-04-25,2022-2,491,TP 2,4535,8247,0.88,B
1125,2023-05-09,2022-2,491,Lab 3,4571,8247,0.458,I
1126,2023-05-09,2022-2,491,TP 3,4617,8247,0.762,R
1127,2023-05-21,2022-2,491,Lab 4,4640,8247,0.581,R
1128,2023-05-23,2022-2,491,TP 4,4672,8247,0.835,B
1129,2023-06-06,2022-2,491,Lab 5,4716,8247,0.802,B
1130,2023-06-06,2022-2,491,TP 5,4746,8247,0.749,R
1131,2023-06-21,2022-2,491,Lab 6,4763,8247,0.652,R
1132,2023-06-22,2022-2,491,TP 6,4793,8247,0.611,R
1133,2023-04-09,2022-2,491,Lab 1,4403,8248,0.613,R
1134,2023-04-11,2022-2,491,TP 1,4440,8248,0.204,I
1135,2023-04-25,2022-2,491,Lab 2,4515,8248,0.72,R
1136,2023-04-25,2022-2,491,TP 2,4535,8248,0.289,I
1137,2023-05-09,2022-2,491,Lab 3,4571,8248,0.993,O
1138,2023-05-09,2022-2,491,TP 3,4617,8248,0.636,R
1139,2023-05-23,2022-2,491,Lab 4,4640,8248,0.78,R
1140,2023-05-23,2022-2,491,TP 4,4672,8248,0.146,I
1141,2023-06-06,2022-2,491,Lab 5,4716,8248,0.897,B
1142,2023-06-06,2022-2,491,TP 5,4746,8248,0.249,I
1143,2023-06-22,2022-2,491,Lab 6,4763,8248,0.835,B
1144,2023-06-22,2022-2,491,TP 6,4793,8248,0.354,I
1145,2023-04-09,2022-2,491,Lab 1,4403,8249,0.496,I
1146,2023-04-11,2022-2,491,TP 1,4440,8249,0.367,I
1147,2023-04-25,2022-2,491,Lab 2,4515,8249,0.765,R
1148,2023-04-25,2022-2,491,TP 2,4535,8249,0.566,R
1149,2023-05-23,2022-2,491,Lab 4,4640,8249,0.636,R
1150,2023-05-23,2022-2,491,TP 4,4672,8249,0.532,R
1151,2023-06-06,2022-2,491,Lab 5,4716,8249,0.476,I
1152,2023-06-06,2022-2,491,TP 5,4746,8249,0.46,I
1153,2023-06-22,2022-2,491,Lab 6,4763,8249,0.617,R
1154,2023-03-31,2022-2,491,Lab 1,4403,8251,0.727,R
1155,2023-04-11,2022-2,491,TP 1,4440,8251,0.724,R
1156,2023-04-24,2022-2,491,Lab 2,4515,8251,0.689,R
1157,2023-04-25,2022-2,491,TP 2,4535,8251,0.836,B
1158,2023-05-09,2022-2,491,Lab 3,4571,8251,0.733,R
1159,2023-05-09,2022-2,491,TP 3,4617,8251,0.91,O
1160,2023-05-16,2022-2,491,Lab 4,4640,8251,0.601,R
1161,2023-05-23,2022-2,491,TP 4,4672,8251,0.588,R
1162,2023-05-30,2022-2,491,Lab 5,4716,8251,0.456,I
1163,2023-04-11,2022-2,491,Lab 1,4403,8305,0.812,B
1164,2023-04-11,2022-2,491,TP 1,4440,8305,0.586,R
1165,2023-04-25,2022-2,491,Lab 2,4515,8305,0.744,R
1166,2023-04-25,2022-2,491,TP 2,4535,8305,0.575,R
1167,2023-05-02,2022-2,491,Lab 3,4571,8305,0.398,I
1168,2023-05-09,2022-2,491,TP 3,4617,8305,0.563,R
1169,2023-05-22,2022-2,491,Lab 4,4640,8305,0.368,I
1170,2023-05-23,2022-2,491,TP 4,4672,8305,0.404,I
1171,2023-06-06,2022-2,491,Lab 5,4716,8305,0.471,I
1172,2023-06-22,2022-2,491,Lab 6,4763,8305,0.621,R
1173,2023-06-22,2022-2,491,TP 6,4793,8305,0.176,I
1174,2023-06-22,2022-2,491,TP 6,4793,8314,0.784,R
1175,2023-03-24,2022-2,491,Lab 1,4403,8323,0.819,B
1176,2023-04-11,2022-2,491,TP 1,4440,8323,0.853,B
1177,2023-04-16,2022-2,491,Lab 2,4515,8323,0.553,R
1178,2023-04-25,2022-2,491,TP 2,4535,8323,0.855,B
1179,2023-05-04,2022-2,491,Lab 3,4571,8323,0.664,R
1180,2023-05-09,2022-2,491,TP 3,4617,8323,0.6,R
1181,2023-05-22,2022-2,491,Lab 4,4640,8323,0.742,R
1182,2023-05-23,2022-2,491,TP 4,4672,8323,0.859,B
1183,2023-06-03,2022-2,491,Lab 5,4716,8323,0.461,I
1184,2023-06-06,2022-2,491,TP 5,4746,8323,0.906,O
1185,2023-06-22,2022-2,491,Lab 6,4763,8323,0.515,R
1186,2023-06-22,2022-2,491,TP 6,4793,8323,0.763,R
1187,2023-03-30,2022-2,491,Lab 1,4403,8327,0.931,O
1188,2023-04-11,2022-2,491,TP 1,4440,8327,0.263,I
1189,2023-04-25,2022-2,491,Lab 2,4515,8327,0.953,O
1190,2023-04-25,2022-2,491,TP 2,4535,8327,0.162,I
1191,2023-05-09,2022-2,491,Lab 3,4571,8327,0.927,O
1192,2023-05-23,2022-2,491,Lab 4,4640,8327,0.641,R
1193,2023-04-25,2022-2,491,TP 2,4535,8331,0.847,B
1194,2023-05-09,2022-2,491,Lab 3,4571,8331,0.574,R
1195,2023-05-09,2022-2,491,TP 3,4617,8331,0.514,R
1196,2023-05-23,2022-2,491,Lab 4,4640,8331,0.748,R
1197,2023-05-23,2022-2,491,TP 4,4672,8331,0.396,I
1198,2023-04-01,2022-2,491,Lab 1,4403,8412,0.662,R
1199,2023-04-11,2022-2,491,TP 1,4440,8412,0.5,R
1200,2023-04-18,2022-2,491,Lab 2,4515,8412,0.756,R
1201,2023-05-09,2022-2,491,TP 3,4617,8412,0.792,R
1202,2023-05-16,2022-2,491,Lab 4,4640,8412,0.335,I
1203,2023-06-06,2022-2,491,Lab 5,4716,8412,0.868,B
1204,2023-06-06,2022-2,491,TP 5,4746,8412,0.691,R
1205,2023-06-22,2022-2,491,Lab 6,4763,8412,0.612,R
1206,2023-06-22,2022-2,491,TP 6,4793,8412,0.718,R
1207,2023-04-11,2022-2,491,TP 1,4440,8414,0.222,I
1208,2023-04-18,2022-2,491,Lab 2,4515,8414,0.386,I
1209,2023-04-25,2022-2,491,TP 2,4535,8414,0.339,I
1210,2023-05-04,2022-2,491,Lab 3,4571,8414,0.415,I
1211,2023-05-09,2022-2,491,TP 3,4617,8414,0.695,R
1212,2023-05-11,2022-2,491,Lab 4,4640,8414,0.514,R
1213,2023-05-31,2022-2,491,Lab 5,4716,8414,0.312,I
1214,2023-06-06,2022-2,491,TP 5,4746,8414,0.297,I
1215,2023-06-21,2022-2,491,Lab 6,4763,8414,0.34,I
1216,2023-06-22,2022-2,491,TP 6,4793,8414,0.336,I
1217,2023-04-11,2022-2,491,Lab 1,4403,8415,0.714,R
1218,2023-04-11,2022-2,491,TP 1,4440,8415,0.369,I
1219,2023-04-25,2022-2,491,Lab 2,4515,8415,0.815,B
1220,2023-04-25,2022-2,491,TP 2,4535,8415,0.46,I
1221,2023-05-09,2022-2,491,Lab 3,4571,8415,0.851,B
1222,2023-05-09,2022-2,491,TP 3,4617,8415,0.223,I
1223,2023-03-23,2022-2,493,Lab 1,4409,2993,0.979,O
1224,2023-04-11,2022-2,493,TP 1,4451,2993,0.668,R
1225,2023-04-19,2022-2,493,Lab 2,4504,2993,0.926,O
1226,2023-04-25,2022-2,493,TP 2,4537,2993,0.335,I
1227,2023-05-04,2022-2,493,Lab 3,4556,2993,0.358,I
1228,2023-04-18,2022-2,493,Lab 2,4504,3201,0.215,I
1229,2023-04-25,2022-2,493,TP 2,4537,3201,0.825,B
1230,2023-04-09,2022-2,493,Lab 1,4409,3609,0.91,O
1231,2023-04-11,2022-2,493,TP 1,4451,3609,0.885,B
1232,2023-05-09,2022-2,493,Lab 3,4556,3609,0.829,B
1233,2023-05-09,2022-2,493,TP 3,4614,3609,0.845,B
1234,2023-05-23,2022-2,493,Lab 4,4638,3609,0.797,R
1235,2023-05-23,2022-2,493,TP 4,4677,3609,0.926,O
1236,2023-06-01,2022-2,493,Lab 5,4711,3609,0.656,R
1237,2023-03-23,2022-2,493,Lab 1,4409,4338,0.605,R
1238,2023-04-11,2022-2,493,TP 1,4451,4338,0.733,R
1239,2023-04-25,2022-2,493,Lab 2,4504,4338,0.831,B
1240,2023-04-25,2022-2,493,TP 2,4537,4338,0.869,B
1241,2023-05-04,2022-2,493,Lab 3,4556,4338,0.506,R
1242,2023-05-09,2022-2,493,TP 3,4614,4338,0.824,B
1243,2023-05-12,2022-2,493,Lab 4,4638,4338,0.6,R
1244,2023-05-23,2022-2,493,TP 4,4677,4338,0.413,I
1245,2023-06-02,2022-2,493,Lab 5,4711,4338,0.79,R
1246,2023-06-06,2022-2,493,TP 5,4751,4338,0.509,R
1247,2023-06-15,2022-2,493,Lab 6,4776,4338,0.876,B
1248,2023-06-22,2022-2,493,TP 6,4802,4338,0.568,R
1249,2023-04-10,2022-2,493,Lab 1,4409,5113,0.946,O
1250,2023-04-11,2022-2,493,TP 1,4451,5113,0.913,O
1251,2023-04-25,2022-2,493,Lab 2,4504,5113,0.755,R
1252,2023-04-25,2022-2,493,TP 2,4537,5113,0.923,O
1253,2023-05-09,2022-2,493,Lab 3,4556,5113,0.767,R
1254,2023-05-09,2022-2,493,TP 3,4614,5113,0.929,O
1255,2023-05-22,2022-2,493,Lab 4,4638,5113,0.622,R
1256,2023-05-23,2022-2,493,TP 4,4677,5113,0.78,R
1257,2023-06-06,2022-2,493,Lab 5,4711,5113,0.714,R
1258,2023-06-06,2022-2,493,TP 5,4751,5113,0.64,R
1259,2023-06-15,2022-2,493,Lab 6,4776,5113,0.897,B
1260,2023-06-22,2022-2,493,TP 6,4802,5113,0.699,R
1261,2023-03-28,2022-2,493,Lab 1,4409,7582,0.46,I
1262,2023-04-11,2022-2,493,TP 1,4451,7582,0.711,R
1263,2023-04-18,2022-2,493,Lab 2,4504,7582,0.808,B
1264,2023-04-25,2022-2,493,TP 2,4537,7582,0.948,O
1265,2023-04-27,2022-2,493,Lab 3,4556,7582,0.604,R
1266,2023-05-09,2022-2,493,TP 3,4614,7582,0.722,R
1267,2023-05-11,2022-2,493,Lab 4,4638,7582,0.883,B
1268,2023-06-05,2022-2,493,Lab 5,4711,7582,0.887,B
1269,2023-06-21,2022-2,493,Lab 6,4776,7582,0.825,B
1270,2023-06-22,2022-2,493,TP 6,4802,7582,0.804,B
1271,2023-03-23,2022-2,493,Lab 1,4409,7616,1.0,O
1272,2023-04-11,2022-2,493,TP 1,4451,7616,0.839,B
1273,2023-04-14,2022-2,493,Lab 2,4504,7616,0.802,B
1274,2023-04-25,2022-2,493,TP 2,4537,7616,0.813,B
1275,2023-04-11,2022-2,493,TP 1,4451,7686,0.375,I
1276,2023-04-05,2022-2,493,Lab 1,4409,7776,0.977,O
1277,2023-04-11,2022-2,493,TP 1,4451,7776,0.445,I
1278,2023-04-20,2022-2,493,Lab 2,4504,7776,0.532,R
1279,2023-03-28,2022-2,493,Lab 1,4409,8235,0.78,R
1280,2023-04-11,2022-2,493,TP 1,4451,8235,0.335,I
1281,2023-04-25,2022-2,493,Lab 2,4504,8235,0.774,R
1282,2023-04-25,2022-2,493,TP 2,4537,8235,0.813,B
1283,2023-05-09,2022-2,493,Lab 3,4556,8235,0.683,R
1284,2023-05-09,2022-2,493,TP 3,4614,8235,0.571,R
1285,2023-05-22,2022-2,493,Lab 4,4638,8235,0.638,R
1286,2023-05-23,2022-2,493,TP 4,4677,8235,0.599,R
1287,2023-06-06,2022-2,493,Lab 5,4711,8235,0.708,R
1288,2023-06-06,2022-2,493,TP 5,4751,8235,0.594,R
1289,2023-06-15,2022-2,493,Lab 6,4776,8235,0.476,I
1290,2023-06-22,2022-2,493,TP 6,4802,8235,0.531,R
1291,2023-03-26,2022-2,493,Lab 1,4409,8236,0.635,R
1292,2023-04-11,2022-2,493,TP 1,4451,8236,0.681,R
1293,2023-04-16,2022-2,493,Lab 2,4504,8236,0.436,I
1294,2023-04-25,2022-2,493,TP 2,4537,8236,0.805,B
1295,2023-05-09,2022-2,493,Lab 3,4556,8236,0.277,I
1296,2023-05-09,2022-2,493,TP 3,4614,8236,0.82,B
1297,2023-05-16,2022-2,493,Lab 4,4638,8236,0.402,I
1298,2023-05-23,2022-2,493,TP 4,4677,8236,0.577,R
1299,2023-06-06,2022-2,493,Lab 5,4711,8236,0.489,I
1300,2023-06-06,2022-2,493,TP 5,4751,8236,0.424,I
1301,2023-06-15,2022-2,493,Lab 6,4776,8236,0.442,I
1302,2023-06-22,2022-2,493,TP 6,4802,8236,0.579,R
1303,2023-03-29,2022-2,493,Lab 1,4409,8237,0.524,R
1304,2023-04-11,2022-2,493,TP 1,4451,8237,0.54,R
1305,2023-04-18,2022-2,493,Lab 2,4504,8237,0.433,I
1306,2023-04-25,2022-2,493,TP 2,4537,8237,0.669,R
1307,2023-05-06,2022-2,493,Lab 3,4556,8237,0.376,I
1308,2023-05-09,2022-2,493,TP 3,4614,8237,0.795,R
1309,2023-05-16,2022-2,493,Lab 4,4638,8237,0.542,R
1310,2023-05-23,2022-2,493,TP 4,4677,8237,0.367,I
1311,2023-06-05,2022-2,493,Lab 5,4711,8237,0.722,R
1312,2023-06-06,2022-2,493,TP 5,4751,8237,0.341,I
1313,2023-06-15,2022-2,493,Lab 6,4776,8237,0.556,R
1314,2023-06-22,2022-2,493,TP 6,4802,8237,0.405,I
1315,2023-05-04,2022-2,494,Lab 3,4569,3590,0.568,R
1316,2023-05-08,2022-2,494,TP 3,4623,3590,0.858,B
1317,2023-05-18,2022-2,494,Lab 4,4634,3590,0.692,R
1318,2023-05-22,2022-2,494,TP 4,4676,3590,0.907,O
1319,2023-06-05,2022-2,494,TP 5,4748,3590,0.523,R
1320,2023-06-19,2022-2,494,Lab 6,4760,3590,0.934,O
1321,2023-06-19,2022-2,494,TP 6,4794,3590,0.782,R
1322,2023-03-30,2022-2,494,Lab 1,4419,4190,0.92,O
1323,2023-04-05,2022-2,494,TP 1,4456,4190,0.947,O
1324,2023-04-12,2022-2,494,Lab 2,4498,4190,0.728,R
1325,2023-04-19,2022-2,494,TP 2,4539,4190,0.954,O
1326,2023-04-30,2022-2,494,Lab 3,4569,4190,0.818,B
1327,2023-05-08,2022-2,494,TP 3,4623,4190,0.954,O
1328,2023-05-15,2022-2,494,Lab 4,4634,4190,0.615,R
1329,2023-05-22,2022-2,494,TP 4,4676,4190,0.658,R
1330,2023-05-28,2022-2,494,Lab 5,4705,4190,0.566,R
1331,2023-06-05,2022-2,494,TP 5,4748,4190,0.801,B
1332,2023-06-18,2022-2,494,Lab 6,4760,4190,0.619,R
1333,2023-06-19,2022-2,494,TP 6,4794,4190,0.526,R
1334,2023-04-26,2022-2,494,Lab 3,4569,4330,0.483,I
1335,2023-04-03,2022-2,494,Lab 1,4419,4552,0.898,B
1336,2023-04-05,2022-2,494,TP 1,4456,4552,0.771,R
1337,2023-04-17,2022-2,494,Lab 2,4498,4552,0.74,R
1338,2023-04-19,2022-2,494,TP 2,4539,4552,0.763,R
1339,2023-04-30,2022-2,494,Lab 3,4569,4552,0.739,R
1340,2023-05-08,2022-2,494,TP 3,4623,4552,0.802,B
1341,2023-05-21,2022-2,494,Lab 4,4634,4552,0.635,R
1342,2023-05-22,2022-2,494,TP 4,4676,4552,0.825,B
1343,2023-05-28,2022-2,494,Lab 5,4705,4552,0.731,R
1344,2023-06-05,2022-2,494,TP 5,4748,4552,0.698,R
1345,2023-06-18,2022-2,494,Lab 6,4760,4552,0.669,R
1346,2023-06-19,2022-2,494,TP 6,4794,4552,0.837,B
1347,2023-03-29,2022-2,494,Lab 1,4419,5210,0.885,B
1348,2023-04-05,2022-2,494,TP 1,4456,5210,0.884,B
1349,2023-04-17,2022-2,494,Lab 2,4498,5210,0.685,R
1350,2023-04-19,2022-2,494,TP 2,4539,5210,0.813,B
1351,2023-05-01,2022-2,494,Lab 3,4569,5210,0.395,I
1352,2023-05-08,2022-2,494,TP 3,4623,5210,0.762,R
1353,2023-05-18,2022-2,494,Lab 4,4634,5210,0.443,I
1354,2023-05-22,2022-2,494,TP 4,4676,5210,0.601,R
1355,2023-05-28,2022-2,494,Lab 5,4705,5210,0.365,I
1356,2023-06-05,2022-2,494,TP 5,4748,5210,0.886,B
1357,2023-06-08,2022-2,494,Lab 6,4760,5210,0.447,I
1358,2023-06-19,2022-2,494,TP 6,4794,5210,0.668,R
1359,2023-04-19,2022-2,494,Lab 2,4498,6132,0.737,R
1360,2023-04-19,2022-2,494,TP 2,4539,6132,1.0,O
1361,2023-05-04,2022-2,494,Lab 3,4569,6132,0.417,I
1362,2023-05-08,2022-2,494,TP 3,4623,6132,0.663,R
1363,2023-05-15,2022-2,494,Lab 4,4634,6132,0.32,I
1364,2023-05-31,2022-2,494,Lab 5,4705,6132,0.785,R
1365,2023-04-05,2022-2,494,Lab 1,4419,6437,0.985,O
1366,2023-04-02,2022-2,494,Lab 1,4419,7220,0.54,R
1367,2023-04-19,2022-2,494,Lab 2,4498,7220,0.62,R
1368,2023-04-19,2022-2,494,TP 2,4539,7220,0.487,I
1369,2023-04-03,2022-2,494,Lab 1,4419,7702,1.0,O
1370,2023-04-05,2022-2,494,TP 1,4456,7702,1.0,O
1371,2023-04-13,2022-2,494,Lab 2,4498,7702,0.628,R
1372,2023-04-19,2022-2,494,TP 2,4539,7702,0.92,O
1373,2023-05-08,2022-2,494,Lab 3,4569,7702,0.913,O
1374,2023-05-21,2022-2,494,Lab 4,4634,7702,0.825,B
1375,2023-05-22,2022-2,494,TP 4,4676,7702,0.542,R
1376,2023-04-03,2022-2,494,Lab 1,4419,7757,1.0,O
1377,2023-04-05,2022-2,494,TP 1,4456,7757,0.845,B
1378,2023-04-19,2022-2,494,Lab 2,4498,7757,0.692,R
1379,2023-04-19,2022-2,494,TP 2,4539,7757,0.596,R
1380,2023-05-03,2022-2,494,Lab 3,4569,7757,0.475,I
1381,2023-05-08,2022-2,494,TP 3,4623,7757,0.855,B
1382,2023-05-22,2022-2,494,Lab 4,4634,7757,0.538,R
1383,2023-05-22,2022-2,494,TP 4,4676,7757,0.514,R
1384,2023-05-29,2022-2,494,Lab 5,4705,7757,0.563,R
1385,2023-06-05,2022-2,494,TP 5,4748,7757,0.588,R
1386,2023-06-14,2022-2,494,Lab 6,4760,7757,0.68,R
1387,2023-06-19,2022-2,494,TP 6,4794,7757,0.644,R
1388,2023-03-29,2022-2,494,Lab 1,4419,8197,0.709,R
1389,2023-04-05,2022-2,494,TP 1,4456,8197,0.85,B
1390,2023-04-12,2022-2,494,Lab 2,4498,8197,0.558,R
1391,2023-04-19,2022-2,494,TP 2,4539,8197,0.641,R
1392,2023-05-03,2022-2,494,Lab 3,4569,8197,0.511,R
1393,2023-05-08,2022-2,494,TP 3,4623,8197,0.741,R
1394,2023-05-15,2022-2,494,Lab 4,4634,8197,0.206,I
1395,2023-05-22,2022-2,494,TP 4,4676,8197,0.73,R
1396,2023-05-31,2022-2,494,Lab 5,4705,8197,0.415,I
1397,2023-06-05,2022-2,494,TP 5,4748,8197,0.592,R
1398,2023-06-12,2022-2,494,Lab 6,4760,8197,0.62,R
1399,2023-06-19,2022-2,494,TP 6,4794,8197,0.523,R
