ID,DATE_START,SEMESTER_ID,CLASS_ID,ASSESSMENT_TYPE,ASSESSMENTS_ID,USER_ID,MPL_VALUE,IRBO_GRADE
1,2023-03-27,2022-2,485,Lab 1,4399,1242,1.0,O
2,2023-04-05,2022-2,485,TP 1,4452,1242,1.0,O
3,2023-04-15,2022-2,485,Lab 2,4477,1242,0.537,R
4,2023-04-20,2022-2,485,TP 2,4526,1242,1.0,O
5,2023-05-07,2022-2,485,Lab 3,4553,1242,0.361,I
6,2023-05-08,2022-2,485,TP 3,4610,1242,1.0,O
7,2023-05-21,2022-2,485,Lab 4,4629,1242,0.0,I
8,2023-03-27,2022-2,485,Lab 1,4399,1946,1.0,O
9,2023-04-05,2022-2,485,TP 1,4452,1946,0.722,R
10,2023-04-12,2022-2,485,Lab 2,4477,1946,0.589,R
11,2023-04-20,2022-2,485,TP 2,4526,1946,0.8,B
12,2023-04-26,2022-2,485,Lab 3,4553,1946,0.333,I
13,2023-05-08,2022-2,485,TP 3,4610,1946,0.768,R
14,2023-03-22,2022-2,485,Lab 1,4399,4282,1.0,O
15,2023-04-05,2022-2,485,TP 1,4452,4282,1.0,O
16,2023-04-11,2022-2,485,Lab 2,4477,4282,0.712,R
17,2023-05-03,2022-2,485,Lab 3,4553,4282,0.923,O
18,2023-05-08,2022-2,485,TP 3,4610,4282,0.722,R
19,2023-05-17,2022-2,485,Lab 4,4629,4282,0.352,I
20,2023-05-22,2022-2,485,TP 4,4673,4282,0.835,B
21,2023-05-24,2022-2,485,Lab 5,4697,4282,0.812,B
22,2023-06-14,2022-2,485,Lab 6,4757,4282,0.717,R
23,2023-06-19,2022-2,485,TP 6,4797,4282,0.934,O
24,2023-03-27,2022-2,485,Lab 1,4399,4399,0.75,R
25,2023-04-05,2022-2,485,TP 1,4452,4399,0.8,B
26,2023-04-12,2022-2,485,Lab 2,4477,4399,0.313,I
27,2023-04-19,2022-2,485,TP 2,4526,4399,0.8,B
28,2023-04-25,2022-2,485,Lab 3,4553,4399,0.485,I
29,2023-05-13,2022-2,485,Lab 4,4629,4399,0.621,R
30,2023-05-22,2022-2,485,TP 4,4673,4399,0.833,B
31,2023-05-26,2022-2,485,Lab 5,4697,4399,0.65,R
32,2023-06-05,2022-2,485,TP 5,4749,4399,0.571,R
33,2023-06-14,2022-2,485,Lab 6,4757,4399,0.48,I
34,2023-06-19,2022-2,485,TP 6,4797,4399,1.0,O
35,2023-05-08,2022-2,485,TP 3,4610,4502,1.0,O
36,2023-03-27,2022-2,485,Lab 1,4399,6119,1.0,O
37,2023-04-13,2022-2,485,TP 1,4452,6119,1.0,O
38,2023-04-10,2022-2,485,Lab 2,4477,6119,0.682,R
39,2023-04-19,2022-2,485,TP 2,4526,6119,1.0,O
40,2023-04-26,2022-2,485,Lab 3,4553,6119,0.8,B
41,2023-05-08,2022-2,485,TP 3,4610,6119,1.0,O
42,2023-05-17,2022-2,485,Lab 4,4629,6119,0.236,I
43,2023-05-22,2022-2,485,TP 4,4673,6119,1.0,O
44,2023-05-29,2022-2,485,Lab 5,4697,6119,1.0,O
45,2023-06-19,2022-2,485,TP 6,4797,6119,0.0,I
46,2023-04-03,2022-2,485,Lab 1,4399,6141,1.0,O
47,2023-04-05,2022-2,485,TP 1,4452,6141,0.571,R
48,2023-04-17,2022-2,485,Lab 2,4477,6141,0.711,R
49,2023-04-19,2022-2,485,TP 2,4526,6141,0.667,R
50,2023-05-07,2022-2,485,Lab 3,4553,6141,0.331,I
51,2023-05-08,2022-2,485,TP 3,4610,6141,0.532,R
52,2023-05-22,2022-2,485,TP 4,4673,6141,0.111,I
53,2023-06-04,2022-2,485,Lab 5,4697,6141,0.273,I
54,2023-06-19,2022-2,485,Lab 6,4757,6141,1.0,O
55,2023-03-23,2022-2,485,Lab 1,4399,6358,1.0,O
56,2023-04-05,2022-2,485,TP 1,4452,6358,0.8,B
57,2023-04-17,2022-2,485,Lab 2,4477,6358,0.483,I
58,2023-04-19,2022-2,485,TP 2,4526,6358,0.5,R
59,2023-04-25,2022-2,485,Lab 3,4553,6358,1.0,O
60,2023-05-18,2022-2,485,Lab 4,4629,6358,0.5,R
61,2023-05-30,2022-2,485,Lab 5,4697,6358,0.25,I
62,2023-03-22,2022-2,485,Lab 1,4399,6421,1.0,O
63,2023-03-22,2022-2,485,Lab 1,4399,6612,1.0,O
64,2023-04-05,2022-2,485,TP 1,4452,6612,1.0,O
65,2023-04-10,2022-2,485,Lab 2,4477,6612,0.535,R
66,2023-04-19,2022-2,485,TP 2,4526,6612,1.0,O
67,2023-04-26,2022-2,485,Lab 3,4553,6612,0.586,R
68,2023-05-08,2022-2,485,TP 3,4610,6612,0.934,O
69,2023-05-15,2022-2,485,Lab 4,4629,6612,0.511,R
70,2023-05-22,2022-2,485,TP 4,4673,6612,0.373,I
71,2023-05-26,2022-2,485,Lab 5,4697,6612,0.611,R
72,2023-06-05,2022-2,485,TP 5,4749,6612,0.416,I
73,2023-06-19,2022-2,485,Lab 6,4757,6612,0.75,R
74,2023-06-19,2022-2,485,TP 6,4797,6612,0.524,R
75,2023-03-23,2022-2,485,Lab 1,4399,7104,1.0,O
76,2023-04-05,2022-2,485,TP 1,4452,7104,0.667,R
77,2023-04-11,2022-2,485,Lab 2,4477,7104,0.415,I
78,2023-04-19,2022-2,485,TP 2,4526,7104,0.267,I
79,2023-05-02,2022-2,485,Lab 3,4553,7104,0.507,R
80,2023-05-18,2022-2,485,Lab 4,4629,7104,0.526,R
81,2023-05-22,2022-2,485,TP 4,4673,7104,1.0,O
82,2023-06-03,2022-2,485,Lab 5,4697,7104,0.208,I
83,2023-06-05,2022-2,485,TP 5,4749,7104,0.444,I
84,2023-06-17,2022-2,485,Lab 6,4757,7104,0.438,I
85,2023-06-19,2022-2,485,TP 6,4797,7104,0.208,I
86,2023-03-23,2022-2,485,Lab 1,4399,7108,0.666,R
87,2023-04-05,2022-2,485,TP 1,4452,7108,0.8,B
88,2023-04-10,2022-2,485,Lab 2,4477,7108,0.358,I
89,2023-04-19,2022-2,485,TP 2,4526,7108,0.8,B
90,2023-05-04,2022-2,485,Lab 3,4553,7108,0.639,R
91,2023-05-08,2022-2,485,TP 3,4610,7108,1.0,O
92,2023-05-21,2022-2,485,Lab 4,4629,7108,0.786,R
93,2023-05-22,2022-2,485,TP 4,4673,7108,1.0,O
94,2023-06-08,2022-2,485,Lab 6,4757,7108,0.6,R
95,2023-06-19,2022-2,485,TP 6,4797,7108,0.25,I
96,2023-03-22,2022-2,485,Lab 1,4399,7214,0.732,R
97,2023-04-05,2022-2,485,TP 1,4452,7214,1.0,O
98,2023-04-12,2022-2,485,Lab 2,4477,7214,0.8,B
99,2023-03-22,2022-2,485,Lab 1,4399,7636,0.75,R
100,2023-04-05,2022-2,485,TP 1,4452,7636,0.444,I
101,2023-04-17,2022-2,485,Lab 2,4477,7636,0.429,I
102,2023-04-19,2022-2,485,TP 2,4526,7636,0.5,R
103,2023-05-03,2022-2,485,Lab 3,4553,7636,0.645,R
104,2023-05-08,2022-2,485,TP 3,4610,7636,1.0,O
105,2023-05-15,2022-2,485,Lab 4,4629,7636,0.563,R
106,2023-05-22,2022-2,485,TP 4,4673,7636,0.833,B
107,2023-05-29,2022-2,485,Lab 5,4697,7636,0.506,R
108,2023-06-05,2022-2,485,TP 5,4749,7636,0.8,B
109,2023-06-12,2022-2,485,Lab 6,4757,7636,0.667,R
110,2023-06-19,2022-2,485,TP 6,4797,7636,1.0,O
111,2023-03-23,2022-2,485,Lab 1,4399,7728,1.0,O
112,2023-04-10,2022-2,485,Lab 2,4477,7728,1.0,O
113,2023-03-23,2022-2,485,Lab 1,4399,8158,0.75,R
114,2023-04-05,2022-2,485,TP 1,4452,8158,0.103,I
115,2023-04-12,2022-2,485,Lab 2,4477,8158,0.788,R
116,2023-04-19,2022-2,485,TP 2,4526,8158,0.5,R
117,2023-04-27,2022-2,485,Lab 3,4553,8158,0.784,R
118,2023-05-08,2022-2,485,TP 3,4610,8158,0.81,B
119,2023-05-15,2022-2,485,Lab 4,4629,8158,0.867,B
120,2023-05-22,2022-2,485,TP 4,4673,8158,0.384,I
121,2023-05-29,2022-2,485,Lab 5,4697,8158,0.547,R
122,2023-06-05,2022-2,485,TP 5,4749,8158,0.222,I
123,2023-06-18,2022-2,485,Lab 6,4757,8158,1.0,O
124,2023-06-19,2022-2,485,TP 6,4797,8158,0.235,I
125,2023-03-23,2022-2,485,Lab 1,4399,8159,0.25,I
126,2023-04-05,2022-2,485,TP 1,4452,8159,0.4,I
127,2023-04-11,2022-2,485,Lab 2,4477,8159,0.441,I
128,2023-04-19,2022-2,485,TP 2,4526,8159,0.4,I
129,2023-04-26,2022-2,485,Lab 3,4553,8159,0.495,I
130,2023-05-08,2022-2,485,TP 3,4610,8159,0.751,R
131,2023-05-10,2022-2,485,Lab 4,4629,8159,0.508,R
132,2023-05-22,2022-2,485,TP 4,4673,8159,0.835,B
133,2023-05-26,2022-2,485,Lab 5,4697,8159,0.692,R
134,2023-06-05,2022-2,485,TP 5,4749,8159,1.0,O
135,2023-06-10,2022-2,485,Lab 6,4757,8159,0.778,R
136,2023-06-19,2022-2,485,TP 6,4797,8159,0.621,R
137,2023-03-22,2022-2,485,Lab 1,4399,8160,0.75,R
138,2023-04-05,2022-2,485,TP 1,4452,8160,0.571,R
139,2023-04-10,2022-2,485,Lab 2,4477,8160,0.527,R
140,2023-04-19,2022-2,485,TP 2,4526,8160,0.8,B
141,2023-04-24,2022-2,485,Lab 3,4553,8160,0.512,R
142,2023-05-08,2022-2,485,TP 3,4610,8160,0.8,B
143,2023-05-15,2022-2,485,Lab 4,4629,8160,0.493,I
144,2023-05-22,2022-2,485,TP 4,4673,8160,0.524,R
145,2023-05-29,2022-2,485,Lab 5,4697,8160,0.833,B
146,2023-06-05,2022-2,485,TP 5,4749,8160,0.63,R
147,2023-06-19,2022-2,485,Lab 6,4757,8160,0.5,R
148,2023-06-19,2022-2,485,TP 6,4797,8160,1.0,O
149,2023-03-30,2022-2,485,Lab 1,4399,8161,0.476,I
150,2023-04-13,2022-2,485,TP 1,4452,8161,1.0,O
151,2023-04-12,2022-2,485,Lab 2,4477,8161,0.269,I
152,2023-04-19,2022-2,485,TP 2,4526,8161,0.267,I
153,2023-05-15,2022-2,485,Lab 4,4629,8161,0.333,I
154,2023-05-31,2022-2,485,Lab 5,4697,8161,0.619,R
155,2023-03-22,2022-2,485,Lab 1,4399,8162,0.5,R
156,2023-04-13,2022-2,485,TP 1,4452,8162,1.0,O
157,2023-04-10,2022-2,485,Lab 2,4477,8162,0.0,I
158,2023-03-22,2022-2,485,Lab 1,4399,8163,1.0,O
159,2023-04-05,2022-2,485,TP 1,4452,8163,1.0,O
160,2023-04-11,2022-2,485,Lab 2,4477,8163,0.462,I
161,2023-04-19,2022-2,485,TP 2,4526,8163,0.444,I
162,2023-05-03,2022-2,485,Lab 3,4553,8163,0.49,I
163,2023-05-08,2022-2,485,TP 3,4610,8163,0.833,B
164,2023-05-16,2022-2,485,Lab 4,4629,8163,0.548,R
165,2023-05-29,2022-2,485,Lab 5,4697,8163,0.478,I
166,2023-06-05,2022-2,485,TP 5,4749,8163,0.519,R
167,2023-06-19,2022-2,485,Lab 6,4757,8163,0.282,I
168,2023-06-19,2022-2,485,TP 6,4797,8163,0.75,R
169,2023-03-23,2022-2,485,Lab 1,4399,8164,0.416,I
170,2023-04-05,2022-2,485,TP 1,4452,8164,1.0,O
171,2023-04-12,2022-2,485,Lab 2,4477,8164,0.465,I
172,2023-04-19,2022-2,485,TP 2,4526,8164,0.364,I
173,2023-04-27,2022-2,485,Lab 3,4553,8164,0.488,I
174,2023-05-08,2022-2,485,TP 3,4610,8164,0.581,R
175,2023-05-15,2022-2,485,Lab 4,4629,8164,0.514,R
176,2023-05-22,2022-2,485,TP 4,4673,8164,0.3,I
177,2023-06-05,2022-2,485,Lab 5,4697,8164,0.683,R
178,2023-06-05,2022-2,485,TP 5,4749,8164,0.364,I
179,2023-06-07,2022-2,485,Lab 6,4757,8164,0.682,R
180,2023-06-19,2022-2,485,TP 6,4797,8164,0.554,R
181,2023-03-27,2022-2,485,Lab 1,4399,8166,1.0,O
182,2023-05-05,2022-2,485,Lab 3,4553,8166,0.724,R
183,2023-03-23,2022-2,485,Lab 1,4399,8167,0.6,R
184,2023-04-05,2022-2,485,TP 1,4452,8167,1.0,O
185,2023-04-12,2022-2,485,Lab 2,4477,8167,0.938,O
186,2023-04-19,2022-2,485,TP 2,4526,8167,1.0,O
187,2023-04-25,2022-2,485,Lab 3,4553,8167,0.699,R
188,2023-05-08,2022-2,485,TP 3,4610,8167,1.0,O
189,2023-05-15,2022-2,485,Lab 4,4629,8167,0.922,O
190,2023-05-22,2022-2,485,TP 4,4673,8167,1.0,O
191,2023-05-28,2022-2,485,Lab 5,4697,8167,0.929,O
192,2023-06-05,2022-2,485,TP 5,4749,8167,1.0,O
193,2023-06-11,2022-2,485,Lab 6,4757,8167,0.754,R
194,2023-06-19,2022-2,485,TP 6,4797,8167,1.0,O
195,2023-03-23,2022-2,485,Lab 1,4399,8168,0.5,R
196,2023-04-05,2022-2,485,TP 1,4452,8168,0.571,R
197,2023-04-12,2022-2,485,Lab 2,4477,8168,0.41,I
198,2023-04-19,2022-2,485,TP 2,4526,8168,0.444,I
199,2023-04-27,2022-2,485,Lab 3,4553,8168,0.503,R
200,2023-05-08,2022-2,485,TP 3,4610,8168,0.833,B
201,2023-05-15,2022-2,485,Lab 4,4629,8168,0.419,I
202,2023-05-22,2022-2,485,TP 4,4673,8168,0.665,R
203,2023-05-25,2022-2,485,Lab 5,4697,8168,0.651,R
204,2023-06-05,2022-2,485,TP 5,4749,8168,0.286,I
205,2023-06-11,2022-2,485,Lab 6,4757,8168,0.543,R
206,2023-06-19,2022-2,485,TP 6,4797,8168,0.444,I
207,2023-03-23,2022-2,485,Lab 1,4399,8169,0.75,R
208,2023-04-05,2022-2,485,TP 1,4452,8169,1.0,O
209,2023-04-11,2022-2,485,Lab 2,4477,8169,0.561,R
210,2023-04-19,2022-2,485,TP 2,4526,8169,0.8,B
211,2023-04-25,2022-2,485,Lab 3,4553,8169,0.499,I
212,2023-05-08,2022-2,485,TP 3,4610,8169,0.8,B
213,2023-06-05,2022-2,485,Lab 5,4697,8169,0.75,R
214,2023-06-05,2022-2,485,TP 5,4749,8169,0.25,I
215,2023-06-12,2022-2,485,Lab 6,4757,8169,0.5,R
216,2023-06-19,2022-2,485,TP 6,4797,8169,0.667,R
217,2023-03-26,2022-2,485,Lab 1,4399,8170,0.111,I
218,2023-04-05,2022-2,485,TP 1,4452,8170,0.667,R
219,2023-04-12,2022-2,485,Lab 2,4477,8170,0.302,I
220,2023-04-19,2022-2,485,TP 2,4526,8170,0.047,I
221,2023-04-26,2022-2,485,Lab 3,4553,8170,0.394,I
222,2023-05-08,2022-2,485,TP 3,4610,8170,1.0,O
223,2023-05-14,2022-2,485,Lab 4,4629,8170,0.156,I
224,2023-05-22,2022-2,485,TP 4,4673,8170,0.194,I
225,2023-05-26,2022-2,485,Lab 5,4697,8170,0.236,I
226,2023-06-05,2022-2,485,TP 5,4749,8170,0.222,I
227,2023-06-07,2022-2,485,Lab 6,4757,8170,0.426,I
228,2023-06-19,2022-2,485,TP 6,4797,8170,0.246,I
229,2023-03-27,2022-2,485,Lab 1,4399,8171,1.0,O
230,2023-04-13,2022-2,485,TP 1,4452,8171,0.8,B
231,2023-04-11,2022-2,485,Lab 2,4477,8171,0.825,B
232,2023-04-19,2022-2,485,TP 2,4526,8171,1.0,O
233,2023-04-24,2022-2,485,Lab 3,4553,8171,0.754,R
234,2023-05-08,2022-2,485,TP 3,4610,8171,1.0,O
235,2023-05-15,2022-2,485,Lab 4,4629,8171,0.666,R
236,2023-05-29,2022-2,485,Lab 5,4697,8171,0.52,R
237,2023-06-05,2022-2,485,TP 5,4749,8171,0.778,R
238,2023-06-07,2022-2,485,Lab 6,4757,8171,0.796,R
239,2023-06-19,2022-2,485,TP 6,4797,8171,0.8,B
240,2023-03-27,2022-2,485,Lab 1,4399,8289,0.5,R
241,2023-04-05,2022-2,485,TP 1,4452,8289,0.308,I
242,2023-04-12,2022-2,485,Lab 2,4477,8289,0.356,I
243,2023-04-19,2022-2,485,TP 2,4526,8289,0.154,I
244,2023-04-26,2022-2,485,Lab 3,4553,8289,0.696,R
245,2023-05-08,2022-2,485,TP 3,4610,8289,0.0,I
246,2023-05-20,2022-2,485,Lab 4,4629,8289,0.317,I
247,2023-05-22,2022-2,485,TP 4,4673,8289,0.381,I
248,2023-05-29,2022-2,485,Lab 5,4697,8289,0.625,R
249,2023-06-14,2022-2,485,Lab 6,4757,8289,0.25,I
250,2023-03-23,2022-2,485,Lab 1,4399,8290,1.0,O
251,2023-04-13,2022-2,485,TP 1,4452,8290,1.0,O
252,2023-04-12,2022-2,485,Lab 2,4477,8290,0.712,R
253,2023-04-19,2022-2,485,TP 2,4526,8290,1.0,O
254,2023-05-04,2022-2,485,Lab 3,4553,8290,0.611,R
255,2023-05-08,2022-2,485,TP 3,4610,8290,1.0,O
256,2023-05-16,2022-2,485,Lab 4,4629,8290,0.874,B
257,2023-05-27,2022-2,485,Lab 5,4697,8290,0.929,O
258,2023-06-05,2022-2,485,TP 5,4749,8290,1.0,O
259,2023-06-10,2022-2,485,Lab 6,4757,8290,0.824,B
260,2023-03-27,2022-2,485,Lab 1,4399,8321,1.0,O
261,2023-04-05,2022-2,485,TP 1,4452,8321,1.0,O
262,2023-04-17,2022-2,485,Lab 2,4477,8321,0.326,I
263,2023-04-19,2022-2,485,TP 2,4526,8321,0.667,R
264,2023-04-26,2022-2,485,Lab 3,4553,8321,0.667,R
265,2023-05-08,2022-2,485,TP 3,4610,8321,0.759,R
266,2023-05-15,2022-2,485,Lab 4,4629,8321,0.569,R
267,2023-05-22,2022-2,485,TP 4,4673,8321,0.3,I
268,2023-05-29,2022-2,485,Lab 5,4697,8321,0.429,I
269,2023-06-05,2022-2,485,TP 5,4749,8321,1.0,O
270,2023-06-14,2022-2,485,Lab 6,4757,8321,0.236,I
271,2023-06-19,2022-2,485,TP 6,4797,8321,0.667,R
272,2023-03-27,2022-2,485,Lab 1,4399,8387,0.61,R
273,2023-03-26,2022-2,486,Lab 1,4407,1769,0.75,R
274,2023-04-05,2022-2,486,TP 1,4447,1769,1.0,O
275,2023-04-16,2022-2,486,Lab 2,4487,1769,0.697,R
276,2023-05-01,2022-2,486,Lab 3,4567,1769,0.759,R
277,2023-05-18,2022-2,486,Lab 4,4635,1769,0.709,R
278,2023-05-22,2022-2,486,TP 4,4675,1769,1.0,O
279,2023-06-03,2022-2,486,Lab 5,4706,1769,0.722,R
280,2023-06-05,2022-2,486,TP 5,4750,1769,1.0,O
281,2023-06-15,2022-2,486,Lab 6,4761,1769,0.7,R
282,2023-06-19,2022-2,486,TP 6,4798,1769,0.8,B
283,2023-04-18,2022-2,486,Lab 2,4487,2150,0.096,I
284,2023-03-27,2022-2,486,Lab 1,4407,2549,1.0,O
285,2023-04-05,2022-2,486,TP 1,4447,2549,1.0,O
286,2023-04-10,2022-2,486,Lab 2,4487,2549,1.0,O
287,2023-04-26,2022-2,486,Lab 3,4567,2549,0.835,B
288,2023-03-30,2022-2,486,Lab 1,4407,2846,1.0,O
289,2023-04-14,2022-2,486,Lab 2,4487,2846,0.52,R
290,2023-04-19,2022-2,486,TP 2,4536,2846,0.25,I
291,2023-05-07,2022-2,486,Lab 3,4567,2846,0.716,R
292,2023-04-04,2022-2,486,Lab 1,4407,3519,1.0,O
293,2023-03-27,2022-2,486,Lab 1,4407,4038,1.0,O
294,2023-03-23,2022-2,486,Lab 1,4407,4054,0.75,R
295,2023-04-05,2022-2,486,TP 1,4447,4054,0.8,B
296,2023-04-12,2022-2,486,Lab 2,4487,4054,0.289,I
297,2023-04-19,2022-2,486,TP 2,4536,4054,0.8,B
298,2023-04-29,2022-2,486,Lab 3,4567,4054,0.868,B
299,2023-05-08,2022-2,486,TP 3,4625,4054,0.89,B
300,2023-04-18,2022-2,486,Lab 2,4487,4640,0.5,R
301,2023-03-26,2022-2,486,Lab 1,4407,4742,0.6,R
302,2023-03-27,2022-2,486,Lab 1,4407,5023,0.75,R
303,2023-04-05,2022-2,486,TP 1,4447,5023,1.0,O
304,2023-04-13,2022-2,486,Lab 2,4487,5023,0.667,R
305,2023-04-19,2022-2,486,TP 2,4536,5023,0.667,R
306,2023-05-07,2022-2,486,Lab 3,4567,5023,0.778,R
307,2023-05-08,2022-2,486,TP 3,4625,5023,1.0,O
308,2023-05-18,2022-2,486,Lab 4,4635,5023,0.717,R
309,2023-05-22,2022-2,486,TP 4,4675,5023,1.0,O
310,2023-05-29,2022-2,486,Lab 5,4706,5023,0.683,R
311,2023-06-05,2022-2,486,TP 5,4750,5023,0.571,R
312,2023-06-15,2022-2,486,Lab 6,4761,5023,0.693,R
313,2023-06-19,2022-2,486,TP 6,4798,5023,0.5,R
314,2023-03-27,2022-2,486,Lab 1,4407,5038,0.75,R
315,2023-04-05,2022-2,486,TP 1,4447,5038,0.8,B
316,2023-04-13,2022-2,486,Lab 2,4487,5038,0.4,I
317,2023-04-19,2022-2,486,TP 2,4536,5038,0.8,B
318,2023-05-04,2022-2,486,Lab 3,4567,5038,0.493,I
319,2023-05-08,2022-2,486,TP 3,4625,5038,0.934,O
320,2023-05-18,2022-2,486,Lab 4,4635,5038,0.325,I
321,2023-05-22,2022-2,486,TP 4,4675,5038,0.6,R
322,2023-05-26,2022-2,486,Lab 5,4706,5038,0.406,I
323,2023-06-05,2022-2,486,TP 5,4750,5038,0.81,B
324,2023-06-15,2022-2,486,Lab 6,4761,5038,0.623,R
325,2023-06-19,2022-2,486,TP 6,4798,5038,0.499,I
326,2023-04-07,2022-2,486,Lab 1,4407,5509,1.0,O
327,2023-04-17,2022-2,486,Lab 2,4487,5509,0.385,I
328,2023-05-08,2022-2,486,Lab 3,4567,5509,0.623,R
329,2023-03-25,2022-2,486,Lab 1,4407,5654,1.0,O
330,2023-04-05,2022-2,486,TP 1,4447,5654,1.0,O
331,2023-03-24,2022-2,486,Lab 1,4407,6092,0.399,I
332,2023-04-05,2022-2,486,TP 1,4447,6092,0.444,I
333,2023-04-17,2022-2,486,Lab 2,4487,6092,0.404,I
334,2023-04-19,2022-2,486,TP 2,4536,6092,1.0,O
335,2023-05-04,2022-2,486,Lab 3,4567,6092,0.556,R
336,2023-05-08,2022-2,486,TP 3,4625,6092,0.78,R
337,2023-05-22,2022-2,486,Lab 4,4635,6092,0.719,R
338,2023-05-22,2022-2,486,TP 4,4675,6092,0.476,I
339,2023-06-01,2022-2,486,Lab 5,4706,6092,0.275,I
340,2023-06-05,2022-2,486,TP 5,4750,6092,0.6,R
341,2023-06-15,2022-2,486,Lab 6,4761,6092,0.31,I
342,2023-06-19,2022-2,486,TP 6,4798,6092,0.0,I
343,2023-03-27,2022-2,486,Lab 1,4407,6364,0.75,R
344,2023-04-05,2022-2,486,TP 1,4447,6364,1.0,O
345,2023-03-27,2022-2,486,Lab 1,4407,7150,1.0,O
346,2023-04-05,2022-2,486,TP 1,4447,7150,1.0,O
347,2023-04-19,2022-2,486,Lab 2,4487,7150,0.648,R
348,2023-04-04,2022-2,486,Lab 1,4407,7201,1.0,O
349,2023-04-05,2022-2,486,TP 1,4447,7201,0.0,I
350,2023-04-19,2022-2,486,TP 2,4536,7633,0.375,I
351,2023-03-23,2022-2,486,Lab 1,4407,7657,1.0,O
352,2023-04-05,2022-2,486,TP 1,4447,7657,0.571,R
353,2023-04-18,2022-2,486,Lab 2,4487,7657,0.8,B
354,2023-04-19,2022-2,486,TP 2,4536,7657,0.8,B
355,2023-05-08,2022-2,486,TP 3,4625,7657,0.667,R
356,2023-05-18,2022-2,486,Lab 4,4635,7657,0.25,I
357,2023-05-22,2022-2,486,TP 4,4675,7657,0.445,I
358,2023-06-19,2022-2,486,Lab 6,4761,7657,0.625,R
359,2023-06-19,2022-2,486,TP 6,4798,7657,0.5,R
360,2023-05-06,2022-2,486,Lab 3,4567,7659,0.497,I
361,2023-04-10,2022-2,486,Lab 1,4407,7675,0.0,I
362,2023-04-05,2022-2,486,TP 1,4447,7675,0.0,I
363,2023-04-19,2022-2,486,TP 2,4536,7675,0.0,I
364,2023-05-17,2022-2,486,Lab 4,4635,7675,0.0,I
365,2023-03-22,2022-2,486,Lab 1,4407,8172,1.0,O
366,2023-04-05,2022-2,486,TP 1,4447,8172,1.0,O
367,2023-04-19,2022-2,486,Lab 2,4487,8172,0.898,B
368,2023-04-19,2022-2,486,TP 2,4536,8172,1.0,O
369,2023-05-08,2022-2,486,TP 3,4625,8172,1.0,O
370,2023-05-22,2022-2,486,TP 4,4675,8172,0.521,R
371,2023-06-05,2022-2,486,Lab 5,4706,8172,1.0,O
372,2023-06-05,2022-2,486,TP 5,4750,8172,0.619,R
373,2023-06-19,2022-2,486,Lab 6,4761,8172,0.667,R
374,2023-06-19,2022-2,486,TP 6,4798,8172,0.571,R
375,2023-03-29,2022-2,486,Lab 1,4407,8199,1.0,O
376,2023-03-23,2022-2,486,Lab 1,4407,8200,1.0,O
377,2023-04-05,2022-2,486,TP 1,4447,8200,1.0,O
378,2023-04-11,2022-2,486,Lab 2,4487,8200,0.789,R
379,2023-04-19,2022-2,486,TP 2,4536,8200,1.0,O
380,2023-04-27,2022-2,486,Lab 3,4567,8200,0.75,R
381,2023-05-08,2022-2,486,TP 3,4625,8200,1.0,O
382,2023-05-11,2022-2,486,Lab 4,4635,8200,0.6,R
383,2023-05-22,2022-2,486,TP 4,4675,8200,0.89,B
384,2023-05-27,2022-2,486,Lab 5,4706,8200,0.5,R
385,2023-03-27,2022-2,486,Lab 1,4407,8201,1.0,O
386,2023-04-05,2022-2,486,TP 1,4447,8201,1.0,O
387,2023-04-12,2022-2,486,Lab 2,4487,8201,0.389,I
388,2023-04-19,2022-2,486,TP 2,4536,8201,0.333,I
389,2023-05-03,2022-2,486,Lab 3,4567,8201,0.301,I
390,2023-05-08,2022-2,486,TP 3,4625,8201,0.641,R
391,2023-05-17,2022-2,486,Lab 4,4635,8201,0.411,I
392,2023-05-22,2022-2,486,TP 4,4675,8201,0.75,R
393,2023-05-29,2022-2,486,Lab 5,4706,8201,0.35,I
394,2023-06-05,2022-2,486,TP 5,4750,8201,0.571,R
395,2023-06-12,2022-2,486,Lab 6,4761,8201,0.551,R
396,2023-06-19,2022-2,486,TP 6,4798,8201,0.8,B
397,2023-03-25,2022-2,486,Lab 1,4407,8204,0.25,I
398,2023-04-05,2022-2,486,TP 1,4447,8204,0.25,I
399,2023-04-19,2022-2,486,TP 2,4536,8204,0.0,I
400,2023-05-03,2022-2,486,Lab 3,4567,8204,0.445,I
401,2023-05-08,2022-2,486,TP 3,4625,8204,0.89,B
402,2023-05-20,2022-2,486,Lab 4,4635,8204,0.462,I
403,2023-05-22,2022-2,486,TP 4,4675,8204,0.833,B
404,2023-06-04,2022-2,486,Lab 5,4706,8204,0.472,I
405,2023-06-05,2022-2,486,TP 5,4750,8204,1.0,O
406,2023-06-17,2022-2,486,Lab 6,4761,8204,0.778,R
407,2023-06-19,2022-2,486,TP 6,4798,8204,0.75,R
408,2023-06-19,2022-2,486,TP 6,4798,8205,0.0,I
409,2023-03-27,2022-2,486,Lab 1,4407,8206,1.0,O
410,2023-04-05,2022-2,486,TP 1,4447,8206,0.0,I
411,2023-05-21,2022-2,486,Lab 4,4635,8206,0.0,I
412,2023-03-25,2022-2,486,Lab 1,4407,8207,0.333,I
413,2023-04-05,2022-2,486,TP 1,4447,8207,0.364,I
414,2023-04-17,2022-2,486,Lab 2,4487,8207,0.583,R
415,2023-04-19,2022-2,486,TP 2,4536,8207,0.571,R
416,2023-05-08,2022-2,486,Lab 3,4567,8207,0.382,I
417,2023-05-08,2022-2,486,TP 3,4625,8207,0.53,R
418,2023-05-18,2022-2,486,Lab 4,4635,8207,0.235,I
419,2023-05-22,2022-2,486,TP 4,4675,8207,0.143,I
420,2023-05-29,2022-2,486,Lab 5,4706,8207,0.476,I
421,2023-06-05,2022-2,486,TP 5,4750,8207,1.0,O
422,2023-06-14,2022-2,486,Lab 6,4761,8207,0.639,R
423,2023-06-19,2022-2,486,TP 6,4798,8207,0.416,I
424,2023-03-29,2022-2,486,Lab 1,4407,8308,0.0,I
425,2023-04-05,2022-2,486,TP 1,4447,8308,0.429,I
426,2023-04-17,2022-2,486,Lab 2,4487,8308,0.594,R
427,2023-04-19,2022-2,486,TP 2,4536,8308,0.5,R
428,2023-05-08,2022-2,486,Lab 3,4567,8308,0.835,B
429,2023-05-08,2022-2,486,TP 3,4625,8308,1.0,O
430,2023-05-22,2022-2,486,Lab 4,4635,8308,0.167,I
431,2023-05-22,2022-2,486,TP 4,4675,8308,0.0,I
432,2023-06-05,2022-2,486,TP 5,4750,8308,0.0,I
433,2023-03-29,2022-2,486,Lab 1,4407,8311,1.0,O
434,2023-03-29,2022-2,486,Lab 1,4407,8314,1.0,O
435,2023-04-05,2022-2,486,TP 1,4447,8314,1.0,O
436,2023-04-17,2022-2,486,Lab 2,4487,8314,0.583,R
437,2023-04-19,2022-2,486,TP 2,4536,8314,1.0,O
438,2023-05-08,2022-2,486,Lab 3,4567,8314,0.927,O
439,2023-05-22,2022-2,486,Lab 4,4635,8314,1.0,O
440,2023-05-22,2022-2,486,TP 4,4675,8314,0.0,I
441,2023-03-29,2022-2,486,Lab 1,4407,8391,1.0,O
442,2023-04-05,2022-2,486,TP 1,4447,8391,0.13,I
443,2023-04-16,2022-2,486,Lab 2,4487,8391,0.233,I
444,2023-04-19,2022-2,486,TP 2,4536,8391,0.4,I
445,2023-04-30,2022-2,486,Lab 3,4567,8391,0.24,I
446,2023-05-08,2022-2,486,TP 3,4625,8391,0.475,I
447,2023-05-21,2022-2,486,Lab 4,4635,8391,0.362,I
448,2023-05-22,2022-2,486,TP 4,4675,8391,0.083,I
449,2023-05-31,2022-2,486,Lab 5,4706,8391,0.429,I
450,2023-06-05,2022-2,486,TP 5,4750,8391,0.105,I
451,2023-06-12,2022-2,486,Lab 6,4761,8391,0.588,R
452,2023-06-19,2022-2,486,TP 6,4798,8391,1.0,O
453,2023-04-02,2022-2,486,Lab 1,4407,8436,0.612,R
454,2023-03-22,2022-2,487,Lab 1,4400,3615,1.0,O
455,2023-04-05,2022-2,487,TP 1,4453,3615,0.8,B
456,2023-04-12,2022-2,487,Lab 2,4481,3615,0.667,R
457,2023-04-26,2022-2,487,Lab 3,4551,3615,0.499,I
458,2023-05-08,2022-2,487,TP 3,4622,3615,0.835,B
459,2023-05-15,2022-2,487,Lab 4,4630,3615,0.711,R
460,2023-05-22,2022-2,487,TP 4,4671,3615,0.917,O
461,2023-06-04,2022-2,487,Lab 5,4698,3615,0.806,B
462,2023-06-05,2022-2,487,TP 5,4745,3615,0.571,R
463,2023-06-12,2022-2,487,Lab 6,4759,3615,0.46,I
464,2023-06-19,2022-2,487,TP 6,4792,3615,0.772,R
465,2023-03-28,2022-2,487,Lab 1,4400,3956,1.0,O
466,2023-04-05,2022-2,487,TP 1,4453,3956,1.0,O
467,2023-04-12,2022-2,487,Lab 2,4481,3956,0.945,O
468,2023-04-19,2022-2,487,TP 2,4542,3956,0.8,B
469,2023-05-01,2022-2,487,Lab 3,4551,3956,0.389,I
470,2023-05-08,2022-2,487,TP 3,4622,3956,0.722,R
471,2023-05-21,2022-2,487,Lab 4,4630,3956,0.929,O
472,2023-05-22,2022-2,487,TP 4,4671,3956,0.868,B
473,2023-05-30,2022-2,487,Lab 5,4698,3956,1.0,O
474,2023-06-05,2022-2,487,TP 5,4745,3956,0.528,R
475,2023-06-19,2022-2,487,Lab 6,4759,3956,0.5,R
476,2023-06-19,2022-2,487,TP 6,4792,3956,0.571,R
477,2023-03-27,2022-2,487,Lab 1,4400,3964,0.273,I
478,2023-04-05,2022-2,487,TP 1,4453,3964,1.0,O
479,2023-04-11,2022-2,487,Lab 2,4481,3964,0.556,R
480,2023-04-19,2022-2,487,TP 2,4542,3964,1.0,O
481,2023-05-01,2022-2,487,Lab 3,4551,3964,0.515,R
482,2023-05-08,2022-2,487,TP 3,4622,3964,0.667,R
483,2023-05-16,2022-2,487,Lab 4,4630,3964,0.52,R
484,2023-05-22,2022-2,487,TP 4,4671,3964,0.917,O
485,2023-06-05,2022-2,487,Lab 5,4698,3964,0.464,I
486,2023-06-05,2022-2,487,TP 5,4745,3964,0.48,I
487,2023-06-18,2022-2,487,Lab 6,4759,3964,0.4,I
488,2023-06-19,2022-2,487,TP 6,4792,3964,0.444,I
489,2023-04-01,2022-2,487,Lab 1,4400,5679,1.0,O
490,2023-04-18,2022-2,487,Lab 2,4481,5679,0.5,R
491,2023-03-27,2022-2,487,Lab 1,4400,6262,0.6,R
492,2023-04-05,2022-2,487,TP 1,4453,6262,1.0,O
493,2023-04-17,2022-2,487,Lab 2,4481,6262,0.467,I
494,2023-04-19,2022-2,487,TP 2,4542,6262,0.4,I
495,2023-04-26,2022-2,487,Lab 3,4551,6262,0.667,R
496,2023-05-08,2022-2,487,TP 3,4622,6262,0.78,R
497,2023-05-15,2022-2,487,Lab 4,4630,6262,1.0,O
498,2023-05-22,2022-2,487,TP 4,4671,6262,1.0,O
499,2023-05-29,2022-2,487,Lab 5,4698,6262,0.511,R
500,2023-06-05,2022-2,487,TP 5,4745,6262,0.2,I
501,2023-06-14,2022-2,487,Lab 6,4759,6262,0.7,R
502,2023-06-19,2022-2,487,TP 6,4792,6262,0.444,I
503,2023-04-05,2022-2,487,TP 1,4453,6479,0.4,I
504,2023-04-10,2022-2,487,Lab 2,4481,6479,0.416,I
505,2023-04-19,2022-2,487,TP 2,4542,6479,0.429,I
506,2023-05-02,2022-2,487,Lab 3,4551,6479,0.484,I
507,2023-05-08,2022-2,487,TP 3,4622,6479,1.0,O
508,2023-05-10,2022-2,487,Lab 4,4630,6479,0.316,I
509,2023-05-22,2022-2,487,TP 4,4671,6479,0.259,I
510,2023-05-25,2022-2,487,Lab 5,4698,6479,0.157,I
511,2023-06-05,2022-2,487,TP 5,4745,6479,0.332,I
512,2023-06-08,2022-2,487,Lab 6,4759,6479,0.42,I
513,2023-06-19,2022-2,487,TP 6,4792,6479,0.501,R
514,2023-03-27,2022-2,487,Lab 1,4400,7140,1.0,O
515,2023-04-05,2022-2,487,TP 1,4453,7140,0.667,R
516,2023-04-12,2022-2,487,Lab 2,4481,7140,0.651,R
517,2023-04-19,2022-2,487,TP 2,4542,7140,0.8,B
518,2023-05-06,2022-2,487,Lab 3,4551,7140,0.397,I
519,2023-05-08,2022-2,487,TP 3,4622,7140,1.0,O
520,2023-05-15,2022-2,487,Lab 4,4630,7140,0.463,I
521,2023-05-22,2022-2,487,TP 4,4671,7140,0.709,R
522,2023-05-29,2022-2,487,Lab 5,4698,7140,0.476,I
523,2023-06-05,2022-2,487,TP 5,4745,7140,0.646,R
524,2023-06-12,2022-2,487,Lab 6,4759,7140,0.394,I
525,2023-06-19,2022-2,487,TP 6,4792,7140,0.388,I
526,2023-03-27,2022-2,487,Lab 1,4400,8178,0.2,I
527,2023-04-05,2022-2,487,TP 1,4453,8178,0.5,R
528,2023-04-17,2022-2,487,Lab 2,4481,8178,0.227,I
529,2023-04-25,2022-2,487,Lab 3,4551,8178,1.0,O
530,2023-03-27,2022-2,487,Lab 1,4400,8180,1.0,O
531,2023-04-05,2022-2,487,TP 1,4453,8180,1.0,O
532,2023-04-18,2022-2,487,Lab 2,4481,8180,0.733,R
533,2023-04-19,2022-2,487,TP 2,4542,8180,1.0,O
534,2023-05-08,2022-2,487,Lab 3,4551,8180,1.0,O
535,2023-05-08,2022-2,487,TP 3,4622,8180,0.667,R
536,2023-05-22,2022-2,487,Lab 4,4630,8180,1.0,O
537,2023-05-22,2022-2,487,TP 4,4671,8180,1.0,O
538,2023-05-29,2022-2,487,Lab 5,4698,8180,0.685,R
539,2023-06-05,2022-2,487,TP 5,4745,8180,0.333,I
540,2023-06-14,2022-2,487,Lab 6,4759,8180,1.0,O
541,2023-06-19,2022-2,487,TP 6,4792,8180,1.0,O
542,2023-03-25,2022-2,487,Lab 1,4400,8181,0.75,R
543,2023-04-05,2022-2,487,TP 1,4453,8181,1.0,O
544,2023-04-14,2022-2,487,Lab 2,4481,8181,0.402,I
545,2023-04-19,2022-2,487,TP 2,4542,8181,1.0,O
546,2023-05-03,2022-2,487,Lab 3,4551,8181,0.8,B
547,2023-05-08,2022-2,487,TP 3,4622,8181,0.81,B
548,2023-05-15,2022-2,487,Lab 4,4630,8181,0.812,B
549,2023-05-22,2022-2,487,TP 4,4671,8181,1.0,O
550,2023-05-27,2022-2,487,Lab 5,4698,8181,0.765,R
551,2023-06-05,2022-2,487,TP 5,4745,8181,0.6,R
552,2023-06-09,2022-2,487,Lab 6,4759,8181,0.807,B
553,2023-06-19,2022-2,487,TP 6,4792,8181,1.0,O
554,2023-04-03,2022-2,487,Lab 1,4400,8182,0.667,R
555,2023-04-05,2022-2,487,TP 1,4453,8182,0.333,I
556,2023-04-18,2022-2,487,Lab 2,4481,8182,1.0,O
557,2023-04-19,2022-2,487,TP 2,4542,8182,0.286,I
558,2023-05-07,2022-2,487,Lab 3,4551,8182,1.0,O
559,2023-05-08,2022-2,487,TP 3,4622,8182,0.492,I
560,2023-03-22,2022-2,487,Lab 1,4400,8183,0.75,R
561,2023-04-05,2022-2,487,TP 1,4453,8183,1.0,O
562,2023-04-12,2022-2,487,Lab 2,4481,8183,0.652,R
563,2023-04-19,2022-2,487,TP 2,4542,8183,1.0,O
564,2023-05-07,2022-2,487,Lab 3,4551,8183,0.797,R
565,2023-05-08,2022-2,487,TP 3,4622,8183,1.0,O
566,2023-05-22,2022-2,487,Lab 4,4630,8183,0.722,R
567,2023-05-22,2022-2,487,TP 4,4671,8183,0.732,R
568,2023-05-29,2022-2,487,Lab 5,4698,8183,0.759,R
569,2023-06-05,2022-2,487,TP 5,4745,8183,0.375,I
570,2023-06-07,2022-2,487,Lab 6,4759,8183,0.824,B
571,2023-06-19,2022-2,487,TP 6,4792,8183,0.667,R
572,2023-03-31,2022-2,487,Lab 1,4400,8184,1.0,O
573,2023-04-05,2022-2,487,TP 1,4453,8184,1.0,O
574,2023-04-17,2022-2,487,Lab 2,4481,8184,0.363,I
575,2023-04-19,2022-2,487,TP 2,4542,8184,1.0,O
576,2023-05-07,2022-2,487,Lab 3,4551,8184,0.649,R
577,2023-05-08,2022-2,487,TP 3,4622,8184,0.778,R
578,2023-05-21,2022-2,487,Lab 4,4630,8184,0.812,B
579,2023-05-22,2022-2,487,TP 4,4671,8184,0.667,R
580,2023-05-29,2022-2,487,Lab 5,4698,8184,0.261,I
581,2023-06-05,2022-2,487,TP 5,4745,8184,0.2,I
582,2023-06-12,2022-2,487,Lab 6,4759,8184,0.875,B
583,2023-06-19,2022-2,487,TP 6,4792,8184,0.4,I
584,2023-03-22,2022-2,487,Lab 1,4400,8185,1.0,O
585,2023-04-05,2022-2,487,TP 1,4453,8185,0.5,R
586,2023-04-17,2022-2,487,Lab 2,4481,8185,0.444,I
587,2023-04-19,2022-2,487,TP 2,4542,8185,0.19,I
588,2023-05-08,2022-2,487,Lab 3,4551,8185,0.635,R
589,2023-05-08,2022-2,487,TP 3,4622,8185,0.665,R
590,2023-05-22,2022-2,487,Lab 4,4630,8185,0.621,R
591,2023-05-22,2022-2,487,TP 4,4671,8185,0.053,I
592,2023-06-05,2022-2,487,Lab 5,4698,8185,0.812,B
593,2023-06-05,2022-2,487,TP 5,4745,8185,0.2,I
594,2023-06-18,2022-2,487,Lab 6,4759,8185,1.0,O
595,2023-03-27,2022-2,487,Lab 1,4400,8186,0.75,R
596,2023-04-05,2022-2,487,TP 1,4453,8186,1.0,O
597,2023-04-12,2022-2,487,Lab 2,4481,8186,0.567,R
598,2023-04-19,2022-2,487,TP 2,4542,8186,0.444,I
599,2023-05-03,2022-2,487,Lab 3,4551,8186,0.552,R
600,2023-05-08,2022-2,487,TP 3,4622,8186,0.8,B
601,2023-05-15,2022-2,487,Lab 4,4630,8186,0.667,R
602,2023-05-22,2022-2,487,TP 4,4671,8186,0.557,R
603,2023-05-29,2022-2,487,Lab 5,4698,8186,0.551,R
604,2023-06-05,2022-2,487,TP 5,4745,8186,0.444,I
605,2023-06-12,2022-2,487,Lab 6,4759,8186,0.824,B
606,2023-06-19,2022-2,487,TP 6,4792,8186,0.519,R
607,2023-04-03,2022-2,487,Lab 1,4400,8187,1.0,O
608,2023-04-05,2022-2,487,TP 1,4453,8187,1.0,O
609,2023-04-12,2022-2,487,Lab 2,4481,8187,0.605,R
610,2023-04-19,2022-2,487,TP 2,4542,8187,1.0,O
611,2023-05-03,2022-2,487,Lab 3,4551,8187,0.963,O
612,2023-05-08,2022-2,487,TP 3,4622,8187,0.833,B
613,2023-05-15,2022-2,487,Lab 4,4630,8187,1.0,O
614,2023-05-22,2022-2,487,TP 4,4671,8187,1.0,O
615,2023-06-05,2022-2,487,Lab 5,4698,8187,1.0,O
616,2023-06-05,2022-2,487,TP 5,4745,8187,0.0,I
617,2023-06-12,2022-2,487,Lab 6,4759,8187,0.547,R
618,2023-06-19,2022-2,487,TP 6,4792,8187,0.433,I
619,2023-03-27,2022-2,487,Lab 1,4400,8188,0.75,R
620,2023-04-05,2022-2,487,TP 1,4453,8188,1.0,O
621,2023-04-12,2022-2,487,Lab 2,4481,8188,0.589,R
622,2023-04-19,2022-2,487,TP 2,4542,8188,1.0,O
623,2023-05-03,2022-2,487,Lab 3,4551,8188,0.784,R
624,2023-05-08,2022-2,487,TP 3,4622,8188,0.835,B
625,2023-05-14,2022-2,487,Lab 4,4630,8188,0.784,R
626,2023-05-22,2022-2,487,TP 4,4671,8188,0.917,O
627,2023-05-29,2022-2,487,Lab 5,4698,8188,0.581,R
628,2023-06-05,2022-2,487,TP 5,4745,8188,0.541,R
629,2023-06-12,2022-2,487,Lab 6,4759,8188,0.933,O
630,2023-06-19,2022-2,487,TP 6,4792,8188,1.0,O
631,2023-04-05,2022-2,487,TP 1,4453,8189,1.0,O
632,2023-04-10,2022-2,487,Lab 2,4481,8189,0.75,R
633,2023-04-19,2022-2,487,TP 2,4542,8189,0.75,R
634,2023-05-07,2022-2,487,Lab 3,4551,8189,1.0,O
635,2023-05-08,2022-2,487,TP 3,4622,8189,0.833,B
636,2023-05-22,2022-2,487,Lab 4,4630,8189,0.867,B
637,2023-05-22,2022-2,487,TP 4,4671,8189,1.0,O
638,2023-05-29,2022-2,487,Lab 5,4698,8189,0.684,R
639,2023-06-05,2022-2,487,TP 5,4745,8189,0.199,I
640,2023-06-07,2022-2,487,Lab 6,4759,8189,0.778,R
641,2023-06-19,2022-2,487,TP 6,4792,8189,0.395,I
642,2023-03-27,2022-2,487,Lab 1,4400,8190,1.0,O
643,2023-04-05,2022-2,487,TP 1,4453,8190,1.0,O
644,2023-04-17,2022-2,487,Lab 2,4481,8190,0.86,B
645,2023-04-19,2022-2,487,TP 2,4542,8190,1.0,O
646,2023-05-08,2022-2,487,TP 3,4622,8190,1.0,O
647,2023-05-22,2022-2,487,Lab 4,4630,8190,1.0,O
648,2023-05-22,2022-2,487,TP 4,4671,8190,0.75,R
649,2023-06-05,2022-2,487,Lab 5,4698,8190,1.0,O
650,2023-06-05,2022-2,487,TP 5,4745,8190,0.484,I
651,2023-04-05,2022-2,487,TP 1,4453,8191,0.5,R
652,2023-04-17,2022-2,487,Lab 2,4481,8191,1.0,O
653,2023-04-19,2022-2,487,TP 2,4542,8191,1.0,O
654,2023-05-08,2022-2,487,TP 3,4622,8191,0.75,R
655,2023-05-22,2022-2,487,TP 4,4671,8191,0.0,I
656,2023-03-22,2022-2,487,Lab 1,4400,8192,0.5,R
657,2023-04-05,2022-2,487,TP 1,4453,8192,1.0,O
658,2023-04-14,2022-2,487,Lab 2,4481,8192,0.607,R
659,2023-04-19,2022-2,487,TP 2,4542,8192,0.667,R
660,2023-04-26,2022-2,487,Lab 3,4551,8192,0.667,R
661,2023-05-08,2022-2,487,TP 3,4622,8192,1.0,O
662,2023-05-15,2022-2,487,Lab 4,4630,8192,0.719,R
663,2023-05-22,2022-2,487,TP 4,4671,8192,1.0,O
664,2023-05-29,2022-2,487,Lab 5,4698,8192,0.591,R
665,2023-06-05,2022-2,487,TP 5,4745,8192,0.8,B
666,2023-06-09,2022-2,487,Lab 6,4759,8192,0.824,B
667,2023-06-19,2022-2,487,TP 6,4792,8192,1.0,O
668,2023-03-22,2022-2,487,Lab 1,4400,8193,1.0,O
669,2023-04-05,2022-2,487,TP 1,4453,8193,1.0,O
670,2023-04-18,2022-2,487,Lab 2,4481,8193,0.714,R
671,2023-04-19,2022-2,487,TP 2,4542,8193,0.444,I
672,2023-05-03,2022-2,487,Lab 3,4551,8193,0.771,R
673,2023-05-08,2022-2,487,TP 3,4622,8193,0.8,B
674,2023-05-17,2022-2,487,Lab 4,4630,8193,1.0,O
675,2023-05-29,2022-2,487,Lab 5,4698,8193,0.812,B
676,2023-06-05,2022-2,487,TP 5,4745,8193,0.75,R
677,2023-06-15,2022-2,487,Lab 6,4759,8193,0.667,R
678,2023-06-19,2022-2,487,TP 6,4792,8193,0.777,R
679,2023-03-22,2022-2,487,Lab 1,4400,8194,1.0,O
680,2023-04-05,2022-2,487,TP 1,4453,8194,0.5,R
681,2023-04-13,2022-2,487,Lab 2,4481,8194,0.592,R
682,2023-04-19,2022-2,487,TP 2,4542,8194,0.8,B
683,2023-05-07,2022-2,487,Lab 3,4551,8194,1.0,O
684,2023-05-22,2022-2,487,Lab 4,4630,8194,1.0,O
685,2023-06-05,2022-2,487,Lab 5,4698,8194,0.883,B
686,2023-06-05,2022-2,487,TP 5,4745,8194,0.597,R
687,2023-06-18,2022-2,487,Lab 6,4759,8194,0.875,B
688,2023-06-19,2022-2,487,TP 6,4792,8194,0.25,I
689,2023-03-22,2022-2,487,Lab 1,4400,8195,1.0,O
690,2023-04-05,2022-2,487,TP 1,4453,8195,0.5,R
691,2023-04-12,2022-2,487,Lab 2,4481,8195,0.194,I
692,2023-04-19,2022-2,487,TP 2,4542,8195,0.571,R
693,2023-05-07,2022-2,487,Lab 3,4551,8195,0.578,R
694,2023-05-08,2022-2,487,TP 3,4622,8195,0.713,R
695,2023-05-15,2022-2,487,Lab 4,4630,8195,0.3,I
696,2023-05-22,2022-2,487,TP 4,4671,8195,0.524,R
697,2023-05-27,2022-2,487,Lab 5,4698,8195,0.414,I
698,2023-06-05,2022-2,487,TP 5,4745,8195,0.571,R
699,2023-06-12,2022-2,487,Lab 6,4759,8195,0.538,R
700,2023-06-19,2022-2,487,TP 6,4792,8195,0.667,R
701,2023-04-05,2022-2,487,TP 1,4453,8196,0.0,I
702,2023-04-12,2022-2,487,Lab 2,4481,8196,0.556,R
703,2023-04-19,2022-2,487,TP 2,4542,8196,0.667,R
704,2023-05-07,2022-2,487,Lab 3,4551,8196,1.0,O
705,2023-05-08,2022-2,487,TP 3,4622,8196,0.779,R
706,2023-05-22,2022-2,487,Lab 4,4630,8196,0.478,I
707,2023-05-22,2022-2,487,TP 4,4671,8196,0.2,I
708,2023-06-04,2022-2,487,Lab 5,4698,8196,0.8,B
709,2023-06-05,2022-2,487,TP 5,4745,8196,0.25,I
710,2023-06-12,2022-2,487,Lab 6,4759,8196,0.667,R
711,2023-06-19,2022-2,487,TP 6,4792,8196,1.0,O
712,2023-03-27,2022-2,487,Lab 1,4400,8300,1.0,O
713,2023-04-05,2022-2,487,TP 1,4453,8300,0.6,R
714,2023-04-12,2022-2,487,Lab 2,4481,8300,0.583,R
715,2023-04-19,2022-2,487,TP 2,4542,8300,0.0,I
716,2023-05-08,2022-2,487,Lab 3,4551,8300,0.69,R
717,2023-05-08,2022-2,487,TP 3,4622,8300,1.0,O
718,2023-05-21,2022-2,487,Lab 4,4630,8300,0.478,I
719,2023-05-22,2022-2,487,TP 4,4671,8300,1.0,O
720,2023-06-04,2022-2,487,Lab 5,4698,8300,1.0,O
721,2023-06-05,2022-2,487,TP 5,4745,8300,0.056,I
722,2023-06-18,2022-2,487,Lab 6,4759,8300,1.0,O
723,2023-06-19,2022-2,487,TP 6,4792,8300,0.6,R
724,2023-04-19,2022-2,487,Lab 2,4481,8302,0.809,B
725,2023-04-19,2022-2,487,TP 2,4542,8302,0.0,I
726,2023-04-27,2022-2,487,Lab 3,4551,8302,0.0,I
727,2023-05-22,2022-2,487,Lab 4,4630,8302,1.0,O
728,2023-06-04,2022-2,487,Lab 5,4698,8302,0.0,I
729,2023-03-29,2022-2,487,Lab 1,4400,8389,1.0,O
730,2023-04-05,2022-2,487,TP 1,4453,8389,1.0,O
731,2023-04-12,2022-2,487,Lab 2,4481,8389,0.667,R
732,2023-04-19,2022-2,487,TP 2,4542,8389,1.0,O
733,2023-05-03,2022-2,487,Lab 3,4551,8389,0.429,I
734,2023-05-08,2022-2,487,TP 3,4622,8389,0.8,B
735,2023-05-17,2022-2,487,Lab 4,4630,8389,0.666,R
736,2023-05-22,2022-2,487,TP 4,4671,8389,0.75,R
737,2023-05-29,2022-2,487,Lab 5,4698,8389,0.6,R
738,2023-06-05,2022-2,487,TP 5,4745,8389,1.0,O
739,2023-06-14,2022-2,487,Lab 6,4759,8389,0.866,B
740,2023-06-05,2022-2,488,Lab 5,4699,3213,0.0,I
741,2023-03-27,2022-2,488,Lab 1,4405,4846,1.0,O
742,2023-04-11,2022-2,488,TP 1,4484,4846,0.75,R
743,2023-04-24,2022-2,488,Lab 2,4506,4846,0.575,R
744,2023-04-25,2022-2,488,TP 2,4562,4846,0.8,B
745,2023-05-08,2022-2,488,Lab 3,4564,4846,0.75,R
746,2023-05-09,2022-2,488,TP 3,4626,4846,1.0,O
747,2023-05-16,2022-2,488,Lab 4,4636,4846,0.642,R
748,2023-05-23,2022-2,488,TP 4,4682,4846,1.0,O
749,2023-05-30,2022-2,488,Lab 5,4699,4846,0.489,I
750,2023-06-13,2022-2,488,TP 5,4768,4846,1.0,O
751,2023-06-21,2022-2,488,Lab 6,4769,4846,0.636,R
752,2023-06-29,2022-2,488,TP 6,4832,4846,0.4,I
753,2023-04-25,2022-2,488,Lab 2,4506,6074,0.527,R
754,2023-04-25,2022-2,488,TP 2,4562,6074,0.143,I
755,2023-05-09,2022-2,488,Lab 3,4564,6074,0.438,I
756,2023-05-09,2022-2,488,TP 3,4626,6074,0.934,O
757,2023-05-16,2022-2,488,Lab 4,4636,6074,0.515,R
758,2023-05-30,2022-2,488,Lab 5,4699,6074,0.481,I
759,2023-06-13,2022-2,488,TP 5,4768,6074,0.384,I
760,2023-06-29,2022-2,488,TP 6,4832,6074,0.333,I
761,2023-03-28,2022-2,488,Lab 1,4405,6216,0.75,R
762,2023-04-11,2022-2,488,TP 1,4484,6216,0.25,I
763,2023-04-24,2022-2,488,Lab 2,4506,6216,0.346,I
764,2023-05-08,2022-2,488,Lab 3,4564,6216,0.367,I
765,2023-05-16,2022-2,488,Lab 4,4636,6216,0.0,I
766,2023-06-04,2022-2,488,Lab 5,4699,6216,0.5,R
767,2023-06-13,2022-2,488,TP 5,4768,6216,0.0,I
768,2023-06-29,2022-2,488,Lab 6,4769,6216,0.571,R
769,2023-06-29,2022-2,488,TP 6,4832,6216,0.0,I
770,2023-04-18,2022-2,488,Lab 2,4506,6391,1.0,O
771,2023-03-27,2022-2,488,Lab 1,4405,6485,1.0,O
772,2023-04-11,2022-2,488,TP 1,4484,6485,0.25,I
773,2023-04-18,2022-2,488,Lab 2,4506,6485,0.75,R
774,2023-05-04,2022-2,488,Lab 3,4564,6485,0.555,R
775,2023-05-09,2022-2,488,TP 3,4626,6485,1.0,O
776,2023-05-16,2022-2,488,Lab 4,4636,6485,0.382,I
777,2023-05-23,2022-2,488,TP 4,4682,6485,0.5,R
778,2023-06-02,2022-2,488,Lab 5,4699,6485,0.453,I
779,2023-06-13,2022-2,488,TP 5,4768,6485,1.0,O
780,2023-06-16,2022-2,488,Lab 6,4769,6485,0.72,R
781,2023-06-29,2022-2,488,TP 6,4832,6485,0.667,R
782,2023-03-27,2022-2,488,Lab 1,4405,7169,0.6,R
783,2023-04-11,2022-2,488,TP 1,4484,7169,0.667,R
784,2023-04-13,2022-2,488,Lab 2,4506,7169,0.379,I
785,2023-04-25,2022-2,488,TP 2,4562,7169,0.5,R
786,2023-05-04,2022-2,488,Lab 3,4564,7169,0.609,R
787,2023-05-09,2022-2,488,TP 3,4626,7169,1.0,O
788,2023-05-18,2022-2,488,Lab 4,4636,7169,0.242,I
789,2023-05-23,2022-2,488,TP 4,4682,7169,0.466,I
790,2023-06-05,2022-2,488,Lab 5,4699,7169,0.448,I
791,2023-06-13,2022-2,488,TP 5,4768,7169,0.133,I
792,2023-06-22,2022-2,488,Lab 6,4769,7169,0.682,R
793,2023-06-29,2022-2,488,TP 6,4832,7169,0.214,I
794,2023-03-30,2022-2,488,Lab 1,4405,8210,1.0,O
795,2023-04-11,2022-2,488,TP 1,4484,8210,1.0,O
796,2023-04-13,2022-2,488,Lab 2,4506,8210,0.655,R
797,2023-04-25,2022-2,488,TP 2,4562,8210,0.667,R
798,2023-05-09,2022-2,488,Lab 3,4564,8210,0.607,R
799,2023-05-09,2022-2,488,TP 3,4626,8210,0.934,O
800,2023-05-16,2022-2,488,Lab 4,4636,8210,0.555,R
801,2023-05-23,2022-2,488,TP 4,4682,8210,0.607,R
802,2023-06-01,2022-2,488,Lab 5,4699,8210,0.511,R
803,2023-06-13,2022-2,488,TP 5,4768,8210,0.429,I
804,2023-06-20,2022-2,488,Lab 6,4769,8210,0.536,R
805,2023-06-29,2022-2,488,TP 6,4832,8210,0.866,B
806,2023-04-03,2022-2,488,Lab 1,4405,8211,1.0,O
807,2023-04-11,2022-2,488,TP 1,4484,8211,1.0,O
808,2023-04-17,2022-2,488,Lab 2,4506,8211,0.385,I
809,2023-04-25,2022-2,488,TP 2,4562,8211,0.333,I
810,2023-05-04,2022-2,488,Lab 3,4564,8211,0.5,R
811,2023-05-09,2022-2,488,TP 3,4626,8211,1.0,O
812,2023-05-18,2022-2,488,Lab 4,4636,8211,0.667,R
813,2023-06-27,2022-2,488,Lab 6,4769,8211,0.5,R
814,2023-04-01,2022-2,488,Lab 1,4405,8213,1.0,O
815,2023-04-11,2022-2,488,TP 1,4484,8213,0.8,B
816,2023-04-24,2022-2,488,Lab 2,4506,8213,0.6,R
817,2023-05-06,2022-2,488,Lab 3,4564,8213,0.472,I
818,2023-05-09,2022-2,488,TP 3,4626,8213,0.802,B
819,2023-05-18,2022-2,488,Lab 4,4636,8213,0.612,R
820,2023-05-23,2022-2,488,TP 4,4682,8213,0.0,I
821,2023-06-05,2022-2,488,Lab 5,4699,8213,0.571,R
822,2023-06-13,2022-2,488,TP 5,4768,8213,0.0,I
823,2023-06-22,2022-2,488,Lab 6,4769,8213,0.667,R
824,2023-06-29,2022-2,488,TP 6,4832,8213,0.524,R
825,2023-03-30,2022-2,488,Lab 1,4405,8217,0.75,R
826,2023-04-13,2022-2,488,Lab 2,4506,8217,0.494,I
827,2023-04-25,2022-2,488,TP 2,4562,8217,0.25,I
828,2023-05-09,2022-2,488,Lab 3,4564,8217,0.494,I
829,2023-05-09,2022-2,488,TP 3,4626,8217,0.763,R
830,2023-05-22,2022-2,488,Lab 4,4636,8217,1.0,O
831,2023-05-23,2022-2,488,TP 4,4682,8217,0.868,B
832,2023-06-12,2022-2,488,Lab 5,4699,8217,0.0,I
833,2023-06-28,2022-2,488,Lab 6,4769,8217,0.0,I
834,2023-06-29,2022-2,488,TP 6,4832,8217,1.0,O
835,2023-05-02,2022-2,488,Lab 3,4564,8222,0.0,I
836,2023-05-09,2022-2,488,TP 3,4626,8222,0.0,I
837,2023-05-15,2022-2,488,Lab 4,4636,8222,0.0,I
838,2023-04-10,2022-2,488,Lab 1,4405,8228,0.75,R
839,2023-04-11,2022-2,488,TP 1,4484,8228,0.333,I
840,2023-04-24,2022-2,488,Lab 2,4506,8228,0.359,I
841,2023-04-25,2022-2,488,TP 2,4562,8228,0.133,I
842,2023-05-09,2022-2,488,Lab 3,4564,8228,0.667,R
843,2023-05-09,2022-2,488,TP 3,4626,8228,0.667,R
844,2023-05-22,2022-2,488,Lab 4,4636,8228,0.2,I
845,2023-05-23,2022-2,488,TP 4,4682,8228,0.0,I
846,2023-04-11,2022-2,488,TP 1,4484,8322,0.0,I
847,2023-04-11,2022-2,488,TP 1,4484,8403,0.0,I
848,2023-04-24,2022-2,488,Lab 2,4506,8403,0.0,I
849,2023-05-08,2022-2,488,Lab 3,4564,8403,0.394,I
850,2023-05-09,2022-2,488,TP 3,4626,8403,0.417,I
851,2023-05-11,2022-2,488,Lab 4,4636,8403,0.05,I
852,2023-05-23,2022-2,488,TP 4,4682,8403,0.482,I
853,2023-06-12,2022-2,488,Lab 5,4699,8403,0.75,R
854,2023-06-13,2022-2,488,TP 5,4768,8403,0.091,I
855,2023-06-28,2022-2,488,Lab 6,4769,8403,0.444,I
856,2023-06-29,2022-2,488,TP 6,4832,8403,0.074,I
857,2023-03-24,2022-2,490,Lab 1,4411,3773,0.75,R
858,2023-04-11,2022-2,490,TP 1,4493,3773,1.0,O
859,2023-04-23,2022-2,490,Lab 2,4513,3773,0.404,I
860,2023-04-25,2022-2,490,TP 2,4573,3773,0.167,I
861,2023-05-11,2022-2,490,Lab 3,4584,3773,0.424,I
862,2023-05-11,2022-2,490,TP 3,4637,3773,0.76,R
863,2023-05-17,2022-2,490,Lab 4,4664,3773,0.0,I
864,2023-03-30,2022-2,490,Lab 1,4411,3775,1.0,O
865,2023-04-11,2022-2,490,TP 1,4493,3775,1.0,O
866,2023-04-25,2022-2,490,Lab 2,4513,3775,0.681,R
867,2023-04-25,2022-2,490,TP 2,4573,3775,0.0,I
868,2023-05-11,2022-2,490,Lab 3,4584,3775,0.632,R
869,2023-05-11,2022-2,490,TP 3,4637,3775,0.585,R
870,2023-05-25,2022-2,490,Lab 4,4664,3775,0.385,I
871,2023-05-25,2022-2,490,TP 4,4704,3775,0.667,R
872,2023-06-13,2022-2,490,TP 5,4778,3775,0.167,I
873,2023-06-27,2022-2,490,TP 6,4822,3775,0.333,I
874,2023-03-27,2022-2,490,Lab 1,4411,4542,1.0,O
875,2023-04-25,2022-2,490,Lab 2,4513,4542,0.711,R
876,2023-05-29,2022-2,490,Lab 3,4584,4542,0.722,R
877,2023-05-23,2022-2,490,Lab 4,4664,4542,0.794,R
878,2023-03-23,2022-2,490,Lab 1,4411,4773,0.75,R
879,2023-04-11,2022-2,490,TP 1,4493,4773,1.0,O
880,2023-04-18,2022-2,490,Lab 2,4513,4773,0.938,O
881,2023-04-25,2022-2,490,TP 2,4573,4773,1.0,O
882,2023-05-04,2022-2,490,Lab 3,4584,4773,0.905,O
883,2023-05-11,2022-2,490,TP 3,4637,4773,1.0,O
884,2023-05-22,2022-2,490,Lab 4,4664,4773,0.778,R
885,2023-05-25,2022-2,490,TP 4,4704,4773,1.0,O
886,2023-06-20,2022-2,490,Lab 5,4741,4773,0.487,I
887,2023-06-13,2022-2,490,TP 5,4778,4773,1.0,O
888,2023-06-22,2022-2,490,Lab 6,4784,4773,0.898,B
889,2023-06-27,2022-2,490,TP 6,4822,4773,0.4,I
890,2023-03-23,2022-2,490,Lab 1,4411,4777,1.0,O
891,2023-04-11,2022-2,490,TP 1,4493,4777,1.0,O
892,2023-04-20,2022-2,490,Lab 2,4513,4777,0.52,R
893,2023-04-25,2022-2,490,TP 2,4573,4777,0.375,I
894,2023-05-10,2022-2,490,Lab 3,4584,4777,0.929,O
895,2023-05-11,2022-2,490,TP 3,4637,4777,0.165,I
896,2023-05-18,2022-2,490,Lab 4,4664,4777,0.665,R
897,2023-05-25,2022-2,490,TP 4,4704,4777,1.0,O
898,2023-06-20,2022-2,490,Lab 5,4741,4777,0.778,R
899,2023-06-13,2022-2,490,TP 5,4778,4777,0.0,I
900,2023-06-22,2022-2,490,Lab 6,4784,4777,0.833,B
901,2023-06-27,2022-2,490,TP 6,4822,4777,0.5,R
902,2023-03-28,2022-2,490,Lab 1,4411,5476,1.0,O
903,2023-03-23,2022-2,490,Lab 1,4411,6124,1.0,O
904,2023-04-11,2022-2,490,TP 1,4493,6124,1.0,O
905,2023-04-25,2022-2,490,Lab 2,4513,6124,0.628,R
906,2023-04-25,2022-2,490,TP 2,4573,6124,0.444,I
907,2023-05-09,2022-2,490,Lab 3,4584,6124,0.853,B
908,2023-05-11,2022-2,490,TP 3,4637,6124,0.934,O
909,2023-05-18,2022-2,490,Lab 4,4664,6124,0.333,I
910,2023-05-25,2022-2,490,TP 4,4704,6124,1.0,O
911,2023-06-07,2022-2,490,Lab 5,4741,6124,0.766,R
912,2023-06-13,2022-2,490,TP 5,4778,6124,0.333,I
913,2023-06-22,2022-2,490,Lab 6,4784,6124,0.821,B
914,2023-06-27,2022-2,490,TP 6,4822,6124,0.388,I
915,2023-03-23,2022-2,490,Lab 1,4411,6464,0.75,R
916,2023-04-11,2022-2,490,TP 1,4493,6464,0.8,B
917,2023-04-20,2022-2,490,Lab 2,4513,6464,0.882,B
918,2023-04-25,2022-2,490,TP 2,4573,6464,0.667,R
919,2023-05-10,2022-2,490,Lab 3,4584,6464,0.611,R
920,2023-05-11,2022-2,490,TP 3,4637,6464,0.934,O
921,2023-05-23,2022-2,490,Lab 4,4664,6464,0.75,R
922,2023-05-25,2022-2,490,TP 4,4704,6464,0.75,R
923,2023-06-02,2022-2,490,Lab 5,4741,6464,1.0,O
924,2023-06-13,2022-2,490,TP 5,4778,6464,0.667,R
925,2023-06-20,2022-2,490,Lab 6,4784,6464,0.778,R
926,2023-06-27,2022-2,490,TP 6,4822,6464,0.8,B
927,2023-03-30,2022-2,490,Lab 1,4411,7193,1.0,O
928,2023-03-30,2022-2,490,Lab 1,4411,7217,0.75,R
929,2023-04-11,2022-2,490,TP 1,4493,7217,0.4,I
930,2023-04-25,2022-2,490,Lab 2,4513,7217,0.89,B
931,2023-04-25,2022-2,490,TP 2,4573,7217,0.0,I
932,2023-05-11,2022-2,490,Lab 3,4584,7217,0.605,R
933,2023-05-11,2022-2,490,TP 3,4637,7217,0.524,R
934,2023-05-25,2022-2,490,TP 4,4704,7217,0.0,I
935,2023-06-13,2022-2,490,TP 5,4778,7217,0.0,I
936,2023-03-23,2022-2,490,Lab 1,4411,7682,0.734,R
937,2023-04-11,2022-2,490,TP 1,4493,7682,0.667,R
938,2023-05-11,2022-2,490,TP 3,4637,7682,0.934,O
939,2023-06-27,2022-2,490,Lab 6,4784,7682,0.333,I
940,2023-04-11,2022-2,490,TP 1,4493,8227,0.0,I
941,2023-04-18,2022-2,490,Lab 2,4513,8227,0.0,I
942,2023-04-25,2022-2,490,TP 2,4573,8227,0.0,I
943,2023-05-30,2022-2,490,Lab 3,4584,8227,0.267,I
944,2023-05-11,2022-2,490,TP 3,4637,8227,0.643,R
945,2023-05-18,2022-2,490,Lab 4,4664,8227,0.5,R
946,2023-05-25,2022-2,490,TP 4,4704,8227,0.75,R
947,2023-06-01,2022-2,490,Lab 5,4741,8227,0.333,I
948,2023-06-13,2022-2,490,TP 5,4778,8227,0.167,I
949,2023-06-20,2022-2,490,Lab 6,4784,8227,0.145,I
950,2023-06-27,2022-2,490,TP 6,4822,8227,0.5,R
951,2023-03-28,2022-2,490,Lab 1,4411,8229,0.6,R
952,2023-04-11,2022-2,490,TP 1,4493,8229,0.364,I
953,2023-04-25,2022-2,490,Lab 2,4513,8229,0.061,I
954,2023-04-25,2022-2,490,TP 2,4573,8229,0.059,I
955,2023-05-11,2022-2,490,TP 3,4637,8229,0.702,R
956,2023-05-18,2022-2,490,Lab 4,4664,8229,0.333,I
957,2023-05-25,2022-2,490,TP 4,4704,8229,0.667,R
958,2023-06-13,2022-2,490,TP 5,4778,8229,0.0,I
959,2023-06-27,2022-2,490,TP 6,4822,8229,0.167,I
960,2023-03-25,2022-2,490,Lab 1,4411,8230,0.75,R
961,2023-04-11,2022-2,490,TP 1,4493,8230,0.333,I
962,2023-04-18,2022-2,490,Lab 2,4513,8230,0.0,I
963,2023-05-18,2022-2,490,Lab 4,4664,8230,0.0,I
964,2023-06-01,2022-2,490,Lab 5,4741,8230,0.667,R
965,2023-06-13,2022-2,490,TP 5,4778,8230,0.0,I
966,2023-03-23,2022-2,490,Lab 1,4411,8231,1.0,O
967,2023-04-11,2022-2,490,TP 1,4493,8231,0.75,R
968,2023-04-24,2022-2,490,Lab 2,4513,8231,0.167,I
969,2023-03-30,2022-2,490,Lab 1,4411,8232,0.6,R
970,2023-04-11,2022-2,490,TP 1,4493,8232,1.0,O
971,2023-04-25,2022-2,490,Lab 2,4513,8232,0.379,I
972,2023-04-25,2022-2,490,TP 2,4573,8232,0.027,I
973,2023-05-11,2022-2,490,TP 3,4637,8232,0.287,I
974,2023-05-25,2022-2,490,TP 4,4704,8232,0.0,I
975,2023-06-13,2022-2,490,TP 5,4778,8232,0.5,R
976,2023-03-28,2022-2,490,Lab 1,4411,8233,0.75,R
977,2023-04-11,2022-2,490,TP 1,4493,8233,0.8,B
978,2023-04-18,2022-2,490,Lab 2,4513,8233,0.333,I
979,2023-04-25,2022-2,490,TP 2,4573,8233,0.107,I
980,2023-05-23,2022-2,490,Lab 4,4664,8233,1.0,O
981,2023-05-25,2022-2,490,TP 4,4704,8233,0.0,I
982,2023-06-01,2022-2,490,Lab 5,4741,8233,0.167,I
983,2023-06-13,2022-2,490,TP 5,4778,8233,0.333,I
984,2023-06-20,2022-2,490,Lab 6,4784,8233,0.0,I
985,2023-06-27,2022-2,490,TP 6,4822,8233,0.0,I
986,2023-03-23,2022-2,490,Lab 1,4411,8234,1.0,O
987,2023-04-11,2022-2,490,TP 1,4493,8234,1.0,O
988,2023-04-20,2022-2,490,Lab 2,4513,8234,0.737,R
989,2023-04-25,2022-2,490,TP 2,4573,8234,1.0,O
990,2023-05-11,2022-2,490,Lab 3,4584,8234,0.596,R
991,2023-05-11,2022-2,490,TP 3,4637,8234,0.8,B
992,2023-05-23,2022-2,490,Lab 4,4664,8234,0.728,R
993,2023-05-25,2022-2,490,TP 4,4704,8234,1.0,O
994,2023-06-20,2022-2,490,Lab 5,4741,8234,0.75,R
995,2023-06-13,2022-2,490,TP 5,4778,8234,0.361,I
996,2023-06-26,2022-2,490,Lab 6,4784,8234,0.609,R
997,2023-06-27,2022-2,490,TP 6,4822,8234,0.8,B
998,2023-03-30,2022-2,490,Lab 1,4411,8243,1.0,O
999,2023-04-11,2022-2,490,TP 1,4493,8243,1.0,O
1000,2023-04-13,2022-2,490,Lab 2,4513,8243,1.0,O
1001,2023-03-28,2022-2,490,Lab 1,4411,8324,1.0,O
1002,2023-04-11,2022-2,490,TP 1,4493,8324,0.429,I
1003,2023-04-23,2022-2,490,Lab 2,4513,8324,0.289,I
1004,2023-04-25,2022-2,490,TP 2,4573,8324,0.045,I
1005,2023-05-10,2022-2,490,Lab 3,4584,8324,0.321,I
1006,2023-05-11,2022-2,490,TP 3,4637,8324,0.222,I
1007,2023-05-25,2022-2,490,Lab 4,4664,8324,0.472,I
1008,2023-05-25,2022-2,490,TP 4,4704,8324,0.209,I
1009,2023-06-20,2022-2,490,Lab 5,4741,8324,0.0,I
1010,2023-06-13,2022-2,490,TP 5,4778,8324,0.2,I
1011,2023-06-27,2022-2,490,Lab 6,4784,8324,0.167,I
1012,2023-03-26,2022-2,490,Lab 1,4411,8325,0.273,I
1013,2023-04-11,2022-2,490,TP 1,4493,8325,0.8,B
1014,2023-04-18,2022-2,490,Lab 2,4513,8325,0.5,R
1015,2023-04-25,2022-2,490,TP 2,4573,8325,1.0,O
1016,2023-05-10,2022-2,490,Lab 3,4584,8325,0.496,I
1017,2023-05-11,2022-2,490,TP 3,4637,8325,1.0,O
1018,2023-05-18,2022-2,490,Lab 4,4664,8325,0.386,I
1019,2023-05-25,2022-2,490,TP 4,4704,8325,1.0,O
1020,2023-06-01,2022-2,490,Lab 5,4741,8325,1.0,O
1021,2023-06-13,2022-2,490,TP 5,4778,8325,1.0,O
1022,2023-06-23,2022-2,490,Lab 6,4784,8325,0.533,R
1023,2023-06-27,2022-2,490,TP 6,4822,8325,0.5,R
1024,2023-04-05,2022-2,490,Lab 1,4411,8326,1.0,O
1025,2023-04-11,2022-2,490,TP 1,4493,8326,0.0,I
1026,2023-04-25,2022-2,490,Lab 2,4513,8326,0.75,R
1027,2023-04-25,2022-2,490,TP 2,4573,8326,0.0,I
1028,2023-05-09,2022-2,490,Lab 3,4584,8326,0.665,R
1029,2023-05-11,2022-2,490,TP 3,4637,8326,0.0,I
1030,2023-05-25,2022-2,490,Lab 4,4664,8326,0.271,I
1031,2023-05-25,2022-2,490,TP 4,4704,8326,0.0,I
1032,2023-06-13,2022-2,490,TP 5,4778,8326,0.0,I
1033,2023-03-30,2022-2,490,Lab 1,4411,8408,1.0,O
1034,2023-04-11,2022-2,490,TP 1,4493,8408,1.0,O
1035,2023-04-18,2022-2,490,Lab 2,4513,8408,0.8,B
1036,2023-04-25,2022-2,490,TP 2,4573,8408,0.8,B
1037,2023-05-02,2022-2,490,Lab 3,4584,8408,1.0,O
1038,2023-05-23,2022-2,490,Lab 4,4664,8408,1.0,O
1039,2023-05-25,2022-2,490,TP 4,4704,8408,0.868,B
1040,2023-06-21,2022-2,490,Lab 5,4741,8408,1.0,O
1041,2023-06-22,2022-2,490,Lab 6,4784,8408,0.867,B
1042,2023-06-27,2022-2,490,TP 6,4822,8408,0.71,R
1043,2023-03-30,2022-2,490,Lab 1,4411,8409,1.0,O
1044,2023-04-11,2022-2,490,TP 1,4493,8409,1.0,O
1045,2023-04-18,2022-2,490,Lab 2,4513,8409,0.86,B
1046,2023-04-25,2022-2,490,TP 2,4573,8409,1.0,O
1047,2023-05-11,2022-2,490,Lab 3,4584,8409,0.585,R
1048,2023-05-11,2022-2,490,TP 3,4637,8409,1.0,O
1049,2023-05-23,2022-2,490,Lab 4,4664,8409,0.538,R
1050,2023-05-25,2022-2,490,TP 4,4704,8409,0.4,I
1051,2023-06-01,2022-2,490,Lab 5,4741,8409,0.5,R
1052,2023-06-13,2022-2,490,TP 5,4778,8409,0.0,I
1053,2023-06-27,2022-2,490,Lab 6,4784,8409,0.633,R
1054,2023-06-27,2022-2,490,TP 6,4822,8409,0.722,R
1055,2023-06-26,2022-2,490,Lab 6,4784,8516,0.0,I
1056,2023-04-02,2022-2,491,Lab 1,4403,4263,1.0,O
1057,2023-04-11,2022-2,491,TP 1,4440,4263,1.0,O
1058,2023-04-23,2022-2,491,Lab 2,4515,4263,1.0,O
1059,2023-04-25,2022-2,491,TP 2,4535,4263,0.8,B
1060,2023-05-04,2022-2,491,Lab 3,4571,4263,0.602,R
1061,2023-05-09,2022-2,491,TP 3,4617,4263,0.792,R
1062,2023-05-16,2022-2,491,Lab 4,4640,4263,1.0,O
1063,2023-04-06,2022-2,491,Lab 1,4403,4419,1.0,O
1064,2023-04-11,2022-2,491,TP 1,4440,4419,1.0,O
1065,2023-04-11,2022-2,491,TP 1,4440,4742,0.8,B
1066,2023-03-23,2022-2,491,Lab 1,4403,6431,1.0,O
1067,2023-04-25,2022-2,491,Lab 2,4515,6431,0.722,R
1068,2023-04-25,2022-2,491,TP 2,4535,6431,0.5,R
1069,2023-05-02,2022-2,491,Lab 3,4571,6431,0.0,I
1070,2023-05-09,2022-2,491,TP 3,4617,6431,0.8,B
1071,2023-05-22,2022-2,491,Lab 4,4640,6431,0.652,R
1072,2023-05-23,2022-2,491,TP 4,4672,6431,0.667,R
1073,2023-05-26,2022-2,491,Lab 5,4716,6431,0.538,R
1074,2023-06-06,2022-2,491,TP 5,4746,6431,1.0,O
1075,2023-06-14,2022-2,491,Lab 6,4763,6431,0.315,I
1076,2023-04-11,2022-2,491,Lab 1,4403,7170,1.0,O
1077,2023-04-11,2022-2,491,TP 1,4440,7170,1.0,O
1078,2023-04-18,2022-2,491,Lab 2,4515,7170,0.434,I
1079,2023-04-25,2022-2,491,TP 2,4535,7170,1.0,O
1080,2023-05-04,2022-2,491,Lab 3,4571,7170,0.5,R
1081,2023-05-23,2022-2,491,Lab 4,4640,7170,0.519,R
1082,2023-05-23,2022-2,491,TP 4,4672,7170,0.432,I
1083,2023-06-06,2022-2,491,Lab 5,4716,7170,0.667,R
1084,2023-06-06,2022-2,491,TP 5,4746,7170,0.167,I
1085,2023-06-15,2022-2,491,Lab 6,4763,7170,0.333,I
1086,2023-06-22,2022-2,491,TP 6,4793,7170,0.5,R
1087,2023-03-27,2022-2,491,Lab 1,4403,7237,1.0,O
1088,2023-04-11,2022-2,491,TP 1,4440,7237,1.0,O
1089,2023-04-15,2022-2,491,Lab 2,4515,7237,0.778,R
1090,2023-04-25,2022-2,491,TP 2,4535,7237,0.667,R
1091,2023-05-02,2022-2,491,Lab 3,4571,7237,0.706,R
1092,2023-05-09,2022-2,491,TP 3,4617,7237,0.866,B
1093,2023-05-15,2022-2,491,Lab 4,4640,7237,0.524,R
1094,2023-05-23,2022-2,491,TP 4,4672,7237,1.0,O
1095,2023-05-30,2022-2,491,Lab 5,4716,7237,0.433,I
1096,2023-06-06,2022-2,491,TP 5,4746,7237,1.0,O
1097,2023-06-21,2022-2,491,Lab 6,4763,7237,0.857,B
1098,2023-03-28,2022-2,491,Lab 1,4403,8244,0.75,R
1099,2023-04-11,2022-2,491,TP 1,4440,8244,0.667,R
1100,2023-04-20,2022-2,491,Lab 2,4515,8244,0.59,R
1101,2023-04-25,2022-2,491,TP 2,4535,8244,0.571,R
1102,2023-05-04,2022-2,491,Lab 3,4571,8244,0.467,I
1103,2023-05-09,2022-2,491,TP 3,4617,8244,0.722,R
1104,2023-05-16,2022-2,491,Lab 4,4640,8244,0.765,R
1105,2023-05-23,2022-2,491,TP 4,4672,8244,0.519,R
1106,2023-06-05,2022-2,491,Lab 5,4716,8244,0.722,R
1107,2023-06-06,2022-2,491,TP 5,4746,8244,0.722,R
1108,2023-06-19,2022-2,491,Lab 6,4763,8244,0.681,R
1109,2023-06-22,2022-2,491,TP 6,4793,8244,0.591,R
1110,2023-03-28,2022-2,491,Lab 1,4403,8245,1.0,O
1111,2023-04-11,2022-2,491,TP 1,4440,8245,1.0,O
1112,2023-04-20,2022-2,491,Lab 2,4515,8245,0.882,B
1113,2023-04-25,2022-2,491,TP 2,4535,8245,1.0,O
1114,2023-05-05,2022-2,491,Lab 3,4571,8245,0.881,B
1115,2023-05-09,2022-2,491,TP 3,4617,8245,0.763,R
1116,2023-05-16,2022-2,491,Lab 4,4640,8245,0.923,O
1117,2023-05-23,2022-2,491,TP 4,4672,8245,1.0,O
1118,2023-06-06,2022-2,491,Lab 5,4716,8245,0.812,B
1119,2023-06-06,2022-2,491,TP 5,4746,8245,1.0,O
1120,2023-06-22,2022-2,491,Lab 6,4763,8245,0.833,B
1121,2023-03-30,2022-2,491,Lab 1,4403,8247,0.6,R
1122,2023-04-11,2022-2,491,TP 1,4440,8247,1.0,O
1123,2023-04-16,2022-2,491,Lab 2,4515,8247,0.783,R
1124,2023-04-25,2022-2,491,TP 2,4535,8247,0.667,R
1125,2023-05-09,2022-2,491,Lab 3,4571,8247,0.478,I
1126,2023-05-09,2022-2,491,TP 3,4617,8247,0.833,B
1127,2023-05-21,2022-2,491,Lab 4,4640,8247,0.606,R
1128,2023-05-23,2022-2,491,TP 4,4672,8247,0.5,R
1129,2023-06-06,2022-2,491,Lab 5,4716,8247,0.722,R
1130,2023-06-06,2022-2,491,TP 5,4746,8247,0.37,I
1131,2023-06-21,2022-2,491,Lab 6,4763,8247,0.75,R
1132,2023-06-22,2022-2,491,TP 6,4793,8247,0.381,I
1133,2023-04-09,2022-2,491,Lab 1,4403,8248,0.5,R
1134,2023-04-11,2022-2,491,TP 1,4440,8248,0.5,R
1135,2023-04-25,2022-2,491,Lab 2,4515,8248,0.833,B
1136,2023-04-25,2022-2,491,TP 2,4535,8248,0.118,I
1137,2023-05-09,2022-2,491,Lab 3,4571,8248,1.0,O
1138,2023-05-09,2022-2,491,TP 3,4617,8248,0.388,I
1139,2023-05-23,2022-2,491,Lab 4,4640,8248,0.857,B
1140,2023-05-23,2022-2,491,TP 4,4672,8248,0.0,I
1141,2023-06-06,2022-2,491,Lab 5,4716,8248,0.8,B
1142,2023-06-06,2022-2,491,TP 5,4746,8248,0.222,I
1143,2023-06-22,2022-2,491,Lab 6,4763,8248,0.933,O
1144,2023-06-22,2022-2,491,TP 6,4793,8248,0.333,I
1145,2023-04-09,2022-2,491,Lab 1,4403,8249,1.0,O
1146,2023-04-11,2022-2,491,TP 1,4440,8249,1.0,O
1147,2023-04-25,2022-2,491,Lab 2,4515,8249,0.632,R
1148,2023-04-25,2022-2,491,TP 2,4535,8249,1.0,O
1149,2023-05-23,2022-2,491,Lab 4,4640,8249,0.611,R
1150,2023-05-23,2022-2,491,TP 4,4672,8249,0.75,R
1151,2023-06-06,2022-2,491,Lab 5,4716,8249,0.909,O
1152,2023-06-06,2022-2,491,TP 5,4746,8249,0.46,I
1153,2023-06-22,2022-2,491,Lab 6,4763,8249,0.9,O
1154,2023-03-31,2022-2,491,Lab 1,4403,8251,1.0,O
1155,2023-04-11,2022-2,491,TP 1,4440,8251,1.0,O
1156,2023-04-24,2022-2,491,Lab 2,4515,8251,0.857,B
1157,2023-04-25,2022-2,491,TP 2,4535,8251,1.0,O
1158,2023-05-09,2022-2,491,Lab 3,4571,8251,0.857,B
1159,2023-05-09,2022-2,491,TP 3,4617,8251,1.0,O
1160,2023-05-16,2022-2,491,Lab 4,4640,8251,0.657,R
1161,2023-05-23,2022-2,491,TP 4,4672,8251,0.498,I
1162,2023-05-30,2022-2,491,Lab 5,4716,8251,0.5,R
1163,2023-04-11,2022-2,491,Lab 1,4403,8305,1.0,O
1164,2023-04-11,2022-2,491,TP 1,4440,8305,0.8,B
1165,2023-04-25,2022-2,491,Lab 2,4515,8305,1.0,O
1166,2023-04-25,2022-2,491,TP 2,4535,8305,0.333,I
1167,2023-05-02,2022-2,491,Lab 3,4571,8305,0.556,R
1168,2023-05-09,2022-2,491,TP 3,4617,8305,0.81,B
1169,2023-05-22,2022-2,491,Lab 4,4640,8305,0.416,I
1170,2023-05-23,2022-2,491,TP 4,4672,8305,1.0,O
1171,2023-06-06,2022-2,491,Lab 5,4716,8305,0.186,I
1172,2023-06-22,2022-2,491,Lab 6,4763,8305,0.293,I
1173,2023-06-22,2022-2,491,TP 6,4793,8305,1.0,O
1174,2023-06-22,2022-2,491,TP 6,4793,8314,0.333,I
1175,2023-03-24,2022-2,491,Lab 1,4403,8323,1.0,O
1176,2023-04-11,2022-2,491,TP 1,4440,8323,1.0,O
1177,2023-04-16,2022-2,491,Lab 2,4515,8323,0.483,I
1178,2023-04-25,2022-2,491,TP 2,4535,8323,1.0,O
1179,2023-05-04,2022-2,491,Lab 3,4571,8323,0.702,R
1180,2023-05-09,2022-2,491,TP 3,4617,8323,1.0,O
1181,2023-05-22,2022-2,491,Lab 4,4640,8323,0.587,R
1182,2023-05-23,2022-2,491,TP 4,4672,8323,0.75,R
1183,2023-06-03,2022-2,491,Lab 5,4716,8323,0.652,R
1184,2023-06-06,2022-2,491,TP 5,4746,8323,1.0,O
1185,2023-06-22,2022-2,491,Lab 6,4763,8323,0.796,R
1186,2023-06-22,2022-2,491,TP 6,4793,8323,1.0,O
1187,2023-03-30,2022-2,491,Lab 1,4403,8327,1.0,O
1188,2023-04-11,2022-2,491,TP 1,4440,8327,1.0,O
1189,2023-04-25,2022-2,491,Lab 2,4515,8327,0.938,O
1190,2023-04-25,2022-2,491,TP 2,4535,8327,0.0,I
1191,2023-05-09,2022-2,491,Lab 3,4571,8327,0.844,B
1192,2023-05-23,2022-2,491,Lab 4,4640,8327,1.0,O
1193,2023-04-25,2022-2,491,TP 2,4535,8331,0.0,I
1194,2023-05-09,2022-2,491,Lab 3,4571,8331,0.498,I
1195,2023-05-09,2022-2,491,TP 3,4617,8331,0.286,I
1196,2023-05-23,2022-2,491,Lab 4,4640,8331,0.0,I
1197,2023-05-23,2022-2,491,TP 4,4672,8331,0.0,I
1198,2023-04-01,2022-2,491,Lab 1,4403,8412,1.0,O
1199,2023-04-11,2022-2,491,TP 1,4440,8412,0.375,I
1200,2023-04-18,2022-2,491,Lab 2,4515,8412,0.143,I
1201,2023-05-09,2022-2,491,TP 3,4617,8412,1.0,O
1202,2023-05-16,2022-2,491,Lab 4,4640,8412,1.0,O
1203,2023-06-06,2022-2,491,Lab 5,4716,8412,0.75,R
1204,2023-06-06,2022-2,491,TP 5,4746,8412,1.0,O
1205,2023-06-22,2022-2,491,Lab 6,4763,8412,1.0,O
1206,2023-06-22,2022-2,491,TP 6,4793,8412,1.0,O
1207,2023-04-11,2022-2,491,TP 1,4440,8414,0.6,R
1208,2023-04-18,2022-2,491,Lab 2,4515,8414,0.239,I
1209,2023-04-25,2022-2,491,TP 2,4535,8414,0.4,I
1210,2023-05-04,2022-2,491,Lab 3,4571,8414,0.44,I
1211,2023-05-09,2022-2,491,TP 3,4617,8414,0.725,R
1212,2023-05-11,2022-2,491,Lab 4,4640,8414,0.0,I
1213,2023-05-31,2022-2,491,Lab 5,4716,8414,0.2,I
1214,2023-06-06,2022-2,491,TP 5,4746,8414,0.25,I
1215,2023-06-21,2022-2,491,Lab 6,4763,8414,0.519,R
1216,2023-06-22,2022-2,491,TP 6,4793,8414,0.5,R
1217,2023-04-11,2022-2,491,Lab 1,4403,8415,1.0,O
1218,2023-04-11,2022-2,491,TP 1,4440,8415,0.5,R
1219,2023-04-25,2022-2,491,Lab 2,4515,8415,0.273,I
1220,2023-04-25,2022-2,491,TP 2,4535,8415,0.667,R
1221,2023-05-09,2022-2,491,Lab 3,4571,8415,0.33,I
1222,2023-05-09,2022-2,491,TP 3,4617,8415,0.0,I
1223,2023-03-23,2022-2,493,Lab 1,4409,2993,0.75,R
1224,2023-04-11,2022-2,493,TP 1,4451,2993,0.333,I
1225,2023-04-19,2022-2,493,Lab 2,4504,2993,0.846,B
1226,2023-04-25,2022-2,493,TP 2,4537,2993,0.25,I
1227,2023-05-04,2022-2,493,Lab 3,4556,2993,0.283,I
1228,2023-04-18,2022-2,493,Lab 2,4504,3201,1.0,O
1229,2023-04-25,2022-2,493,TP 2,4537,3201,0.0,I
1230,2023-04-09,2022-2,493,Lab 1,4409,3609,0.75,R
1231,2023-04-11,2022-2,493,TP 1,4451,3609,1.0,O
1232,2023-05-09,2022-2,493,Lab 3,4556,3609,0.667,R
1233,2023-05-09,2022-2,493,TP 3,4614,3609,1.0,O
1234,2023-05-23,2022-2,493,Lab 4,4638,3609,0.774,R
1235,2023-05-23,2022-2,493,TP 4,4677,3609,1.0,O
1236,2023-06-01,2022-2,493,Lab 5,4711,3609,1.0,O
1237,2023-03-23,2022-2,493,Lab 1,4409,4338,0.75,R
1238,2023-04-11,2022-2,493,TP 1,4451,4338,0.667,R
1239,2023-04-25,2022-2,493,Lab 2,4504,4338,0.786,R
1240,2023-04-25,2022-2,493,TP 2,4537,4338,0.8,B
1241,2023-05-04,2022-2,493,Lab 3,4556,4338,0.267,I
1242,2023-05-09,2022-2,493,TP 3,4614,4338,0.89,B
1243,2023-05-12,2022-2,493,Lab 4,4638,4338,0.547,R
1244,2023-05-23,2022-2,493,TP 4,4677,4338,0.416,I
1245,2023-06-02,2022-2,493,Lab 5,4711,4338,1.0,O
1246,2023-06-06,2022-2,493,TP 5,4751,4338,0.429,I
1247,2023-06-15,2022-2,493,Lab 6,4776,4338,0.57,R
1248,2023-06-22,2022-2,493,TP 6,4802,4338,0.5,R
1249,2023-04-10,2022-2,493,Lab 1,4409,5113,0.75,R
1250,2023-04-11,2022-2,493,TP 1,4451,5113,0.8,B
1251,2023-04-25,2022-2,493,Lab 2,4504,5113,0.629,R
1252,2023-04-25,2022-2,493,TP 2,4537,5113,1.0,O
1253,2023-05-09,2022-2,493,Lab 3,4556,5113,0.334,I
1254,2023-05-09,2022-2,493,TP 3,4614,5113,1.0,O
1255,2023-05-22,2022-2,493,Lab 4,4638,5113,0.625,R
1256,2023-05-23,2022-2,493,TP 4,4677,5113,0.8,B
1257,2023-06-06,2022-2,493,Lab 5,4711,5113,0.786,R
1258,2023-06-06,2022-2,493,TP 5,4751,5113,0.333,I
1259,2023-06-15,2022-2,493,Lab 6,4776,5113,0.902,O
1260,2023-06-22,2022-2,493,TP 6,4802,5113,0.364,I
1261,2023-03-28,2022-2,493,Lab 1,4409,7582,0.75,R
1262,2023-04-11,2022-2,493,TP 1,4451,7582,0.444,I
1263,2023-04-18,2022-2,493,Lab 2,4504,7582,0.733,R
1264,2023-04-25,2022-2,493,TP 2,4537,7582,0.071,I
1265,2023-04-27,2022-2,493,Lab 3,4556,7582,0.291,I
1266,2023-05-09,2022-2,493,TP 3,4614,7582,0.458,I
1267,2023-05-11,2022-2,493,Lab 4,4638,7582,0.0,I
1268,2023-06-05,2022-2,493,Lab 5,4711,7582,0.8,B
1269,2023-06-21,2022-2,493,Lab 6,4776,7582,0.791,R
1270,2023-06-22,2022-2,493,TP 6,4802,7582,0.0,I
1271,2023-03-23,2022-2,493,Lab 1,4409,7616,1.0,O
1272,2023-04-11,2022-2,493,TP 1,4451,7616,1.0,O
1273,2023-04-14,2022-2,493,Lab 2,4504,7616,0.846,B
1274,2023-04-25,2022-2,493,TP 2,4537,7616,0.8,B
1275,2023-04-11,2022-2,493,TP 1,4451,7686,0.033,I
1276,2023-04-05,2022-2,493,Lab 1,4409,7776,1.0,O
1277,2023-04-11,2022-2,493,TP 1,4451,7776,0.154,I
1278,2023-04-20,2022-2,493,Lab 2,4504,7776,1.0,O
1279,2023-03-28,2022-2,493,Lab 1,4409,8235,0.75,R
1280,2023-04-11,2022-2,493,TP 1,4451,8235,0.8,B
1281,2023-04-25,2022-2,493,Lab 2,4504,8235,0.729,R
1282,2023-04-25,2022-2,493,TP 2,4537,8235,1.0,O
1283,2023-05-09,2022-2,493,Lab 3,4556,8235,0.75,R
1284,2023-05-09,2022-2,493,TP 3,4614,8235,0.89,B
1285,2023-05-22,2022-2,493,Lab 4,4638,8235,0.654,R
1286,2023-05-23,2022-2,493,TP 4,4677,8235,0.5,R
1287,2023-06-06,2022-2,493,Lab 5,4711,8235,0.647,R
1288,2023-06-06,2022-2,493,TP 5,4751,8235,0.5,R
1289,2023-06-15,2022-2,493,Lab 6,4776,8235,0.815,B
1290,2023-06-22,2022-2,493,TP 6,4802,8235,0.334,I
1291,2023-03-26,2022-2,493,Lab 1,4409,8236,0.6,R
1292,2023-04-11,2022-2,493,TP 1,4451,8236,0.5,R
1293,2023-04-16,2022-2,493,Lab 2,4504,8236,0.626,R
1294,2023-04-25,2022-2,493,TP 2,4537,8236,0.667,R
1295,2023-05-09,2022-2,493,Lab 3,4556,8236,0.506,R
1296,2023-05-09,2022-2,493,TP 3,4614,8236,0.584,R
1297,2023-05-16,2022-2,493,Lab 4,4638,8236,0.929,O
1298,2023-05-23,2022-2,493,TP 4,4677,8236,1.0,O
1299,2023-06-06,2022-2,493,Lab 5,4711,8236,1.0,O
1300,2023-06-06,2022-2,493,TP 5,4751,8236,0.667,R
1301,2023-06-15,2022-2,493,Lab 6,4776,8236,0.834,B
1302,2023-06-22,2022-2,493,TP 6,4802,8236,0.111,I
1303,2023-03-29,2022-2,493,Lab 1,4409,8237,0.25,I
1304,2023-04-11,2022-2,493,TP 1,4451,8237,1.0,O
1305,2023-04-18,2022-2,493,Lab 2,4504,8237,0.317,I
1306,2023-04-25,2022-2,493,TP 2,4537,8237,0.364,I
1307,2023-05-06,2022-2,493,Lab 3,4556,8237,0.601,R
1308,2023-05-09,2022-2,493,TP 3,4614,8237,0.89,B
1309,2023-05-16,2022-2,493,Lab 4,4638,8237,0.81,B
1310,2023-05-23,2022-2,493,TP 4,4677,8237,0.333,I
1311,2023-06-05,2022-2,493,Lab 5,4711,8237,0.692,R
1312,2023-06-06,2022-2,493,TP 5,4751,8237,0.388,I
1313,2023-06-15,2022-2,493,Lab 6,4776,8237,0.491,I
1314,2023-06-22,2022-2,493,TP 6,4802,8237,0.167,I
1315,2023-05-04,2022-2,494,Lab 3,4569,3590,0.766,R
1316,2023-05-08,2022-2,494,TP 3,4623,3590,1.0,O
1317,2023-05-18,2022-2,494,Lab 4,4634,3590,0.65,R
1318,2023-05-22,2022-2,494,TP 4,4676,3590,1.0,O
1319,2023-06-05,2022-2,494,TP 5,4748,3590,0.667,R
1320,2023-06-19,2022-2,494,Lab 6,4760,3590,0.715,R
1321,2023-06-19,2022-2,494,TP 6,4794,3590,0.693,R
1322,2023-03-30,2022-2,494,Lab 1,4419,4190,1.0,O
1323,2023-04-05,2022-2,494,TP 1,4456,4190,1.0,O
1324,2023-04-12,2022-2,494,Lab 2,4498,4190,0.75,R
1325,2023-04-19,2022-2,494,TP 2,4539,4190,1.0,O
1326,2023-04-30,2022-2,494,Lab 3,4569,4190,0.779,R
1327,2023-05-08,2022-2,494,TP 3,4623,4190,1.0,O
1328,2023-05-15,2022-2,494,Lab 4,4634,4190,0.632,R
1329,2023-05-22,2022-2,494,TP 4,4676,4190,0.794,R
1330,2023-05-28,2022-2,494,Lab 5,4705,4190,0.8,B
1331,2023-06-05,2022-2,494,TP 5,4748,4190,0.89,B
1332,2023-06-18,2022-2,494,Lab 6,4760,4190,0.5,R
1333,2023-06-19,2022-2,494,TP 6,4794,4190,1.0,O
1334,2023-04-26,2022-2,494,Lab 3,4569,4330,0.668,R
1335,2023-04-03,2022-2,494,Lab 1,4419,4552,0.75,R
1336,2023-04-05,2022-2,494,TP 1,4456,4552,1.0,O
1337,2023-04-17,2022-2,494,Lab 2,4498,4552,0.825,B
1338,2023-04-19,2022-2,494,TP 2,4539,4552,1.0,O
1339,2023-04-30,2022-2,494,Lab 3,4569,4552,0.578,R
1340,2023-05-08,2022-2,494,TP 3,4623,4552,0.934,O
1341,2023-05-21,2022-2,494,Lab 4,4634,4552,0.591,R
1342,2023-05-22,2022-2,494,TP 4,4676,4552,0.593,R
1343,2023-05-28,2022-2,494,Lab 5,4705,4552,0.683,R
1344,2023-06-05,2022-2,494,TP 5,4748,4552,0.709,R
1345,2023-06-18,2022-2,494,Lab 6,4760,4552,0.737,R
1346,2023-06-19,2022-2,494,TP 6,4794,4552,1.0,O
1347,2023-03-29,2022-2,494,Lab 1,4419,5210,1.0,O
1348,2023-04-05,2022-2,494,TP 1,4456,5210,1.0,O
1349,2023-04-17,2022-2,494,Lab 2,4498,5210,0.45,I
1350,2023-04-19,2022-2,494,TP 2,4539,5210,0.5,R
1351,2023-05-01,2022-2,494,Lab 3,4569,5210,0.249,I
1352,2023-05-08,2022-2,494,TP 3,4623,5210,0.835,B
1353,2023-05-18,2022-2,494,Lab 4,4634,5210,0.439,I
1354,2023-05-22,2022-2,494,TP 4,4676,5210,0.734,R
1355,2023-05-28,2022-2,494,Lab 5,4705,5210,0.647,R
1356,2023-06-05,2022-2,494,TP 5,4748,5210,0.466,I
1357,2023-06-08,2022-2,494,Lab 6,4760,5210,0.509,R
1358,2023-06-19,2022-2,494,TP 6,4794,5210,0.62,R
1359,2023-04-19,2022-2,494,Lab 2,4498,6132,0.301,I
1360,2023-04-19,2022-2,494,TP 2,4539,6132,1.0,O
1361,2023-05-04,2022-2,494,Lab 3,4569,6132,0.514,R
1362,2023-05-08,2022-2,494,TP 3,4623,6132,1.0,O
1363,2023-05-15,2022-2,494,Lab 4,4634,6132,0.111,I
1364,2023-05-31,2022-2,494,Lab 5,4705,6132,0.286,I
1365,2023-04-05,2022-2,494,Lab 1,4419,6437,1.0,O
1366,2023-04-02,2022-2,494,Lab 1,4419,7220,0.2,I
1367,2023-04-19,2022-2,494,Lab 2,4498,7220,0.0,I
1368,2023-04-19,2022-2,494,TP 2,4539,7220,0.0,I
1369,2023-04-03,2022-2,494,Lab 1,4419,7702,1.0,O
1370,2023-04-05,2022-2,494,TP 1,4456,7702,1.0,O
1371,2023-04-13,2022-2,494,Lab 2,4498,7702,0.461,I
1372,2023-04-19,2022-2,494,TP 2,4539,7702,0.8,B
1373,2023-05-08,2022-2,494,Lab 3,4569,7702,0.6,R
1374,2023-05-21,2022-2,494,Lab 4,4634,7702,0.511,R
1375,2023-05-22,2022-2,494,TP 4,4676,7702,0.917,O
1376,2023-04-03,2022-2,494,Lab 1,4419,7757,0.75,R
1377,2023-04-05,2022-2,494,TP 1,4456,7757,0.444,I
1378,2023-04-19,2022-2,494,Lab 2,4498,7757,0.278,I
1379,2023-04-19,2022-2,494,TP 2,4539,7757,0.444,I
1380,2023-05-03,2022-2,494,Lab 3,4569,7757,0.416,I
1381,2023-05-08,2022-2,494,TP 3,4623,7757,1.0,O
1382,2023-05-22,2022-2,494,Lab 4,4634,7757,0.285,I
1383,2023-05-22,2022-2,494,TP 4,4676,7757,1.0,O
1384,2023-05-29,2022-2,494,Lab 5,4705,7757,0.357,I
1385,2023-06-05,2022-2,494,TP 5,4748,7757,0.4,I
1386,2023-06-14,2022-2,494,Lab 6,4760,7757,0.605,R
1387,2023-06-19,2022-2,494,TP 6,4794,7757,0.6,R
1388,2023-03-29,2022-2,494,Lab 1,4419,8197,1.0,O
1389,2023-04-05,2022-2,494,TP 1,4456,8197,1.0,O
1390,2023-04-12,2022-2,494,Lab 2,4498,8197,0.75,R
1391,2023-04-19,2022-2,494,TP 2,4539,8197,0.8,B
1392,2023-05-03,2022-2,494,Lab 3,4569,8197,0.637,R
1393,2023-05-08,2022-2,494,TP 3,4623,8197,1.0,O
1394,2023-05-15,2022-2,494,Lab 4,4634,8197,0.546,R
1395,2023-05-22,2022-2,494,TP 4,4676,8197,1.0,O
1396,2023-05-31,2022-2,494,Lab 5,4705,8197,0.6,R
1397,2023-06-05,2022-2,494,TP 5,4748,8197,0.667,R
1398,2023-06-12,2022-2,494,Lab 6,4760,8197,0.795,R
1399,2023-06-19,2022-2,494,TP 6,4794,8197,0.4,I
