ID,DATE_START,SEMESTER_ID,CLASS_ID,ASSESSMENT_TYPE,ASSESSMENTS_ID,USER_ID,MLS_VALUE,IRBO_GRADE
1,2023-03-27,2022-2,485,Lab 1,4399,1242,0.857,B
2,2023-04-05,2022-2,485,TP 1,4452,1242,0.98,O
3,2023-04-15,2022-2,485,Lab 2,4477,1242,0.746,R
4,2023-04-20,2022-2,485,TP 2,4526,1242,0.864,B
5,2023-05-07,2022-2,485,Lab 3,4553,1242,0.754,R
6,2023-05-08,2022-2,485,TP 3,4610,1242,1.0,O
7,2023-05-21,2022-2,485,Lab 4,4629,1242,0.702,R
8,2023-03-27,2022-2,485,Lab 1,4399,1946,1.0,O
9,2023-04-05,2022-2,485,TP 1,4452,1946,0.315,I
10,2023-04-12,2022-2,485,Lab 2,4477,1946,0.567,R
11,2023-04-20,2022-2,485,TP 2,4526,1946,0.439,I
12,2023-04-26,2022-2,485,Lab 3,4553,1946,0.378,I
13,2023-05-08,2022-2,485,TP 3,4610,1946,0.656,R
14,2023-03-22,2022-2,485,Lab 1,4399,4282,1.0,O
15,2023-04-05,2022-2,485,TP 1,4452,4282,1.0,O
16,2023-04-11,2022-2,485,Lab 2,4477,4282,0.964,O
17,2023-05-03,2022-2,485,Lab 3,4553,4282,1.0,O
18,2023-05-08,2022-2,485,TP 3,4610,4282,1.0,O
19,2023-05-17,2022-2,485,Lab 4,4629,4282,0.837,B
20,2023-05-22,2022-2,485,TP 4,4673,4282,1.0,O
21,2023-05-24,2022-2,485,Lab 5,4697,4282,0.653,R
22,2023-06-14,2022-2,485,Lab 6,4757,4282,0.759,R
23,2023-06-19,2022-2,485,TP 6,4797,4282,0.965,O
24,2023-03-27,2022-2,485,Lab 1,4399,4399,0.0,I
25,2023-04-05,2022-2,485,TP 1,4452,4399,1.0,O
26,2023-04-12,2022-2,485,Lab 2,4477,4399,1.0,O
27,2023-04-19,2022-2,485,TP 2,4526,4399,0.667,R
28,2023-04-25,2022-2,485,Lab 3,4553,4399,0.739,R
29,2023-05-13,2022-2,485,Lab 4,4629,4399,1.0,O
30,2023-05-22,2022-2,485,TP 4,4673,4399,0.773,R
31,2023-05-26,2022-2,485,Lab 5,4697,4399,0.0,I
32,2023-06-05,2022-2,485,TP 5,4749,4399,1.0,O
33,2023-06-14,2022-2,485,Lab 6,4757,4399,0.762,R
34,2023-06-19,2022-2,485,TP 6,4797,4399,0.668,R
35,2023-05-08,2022-2,485,TP 3,4610,4502,1.0,O
36,2023-03-27,2022-2,485,Lab 1,4399,6119,0.625,R
37,2023-04-13,2022-2,485,TP 1,4452,6119,1.0,O
38,2023-04-10,2022-2,485,Lab 2,4477,6119,0.794,R
39,2023-04-19,2022-2,485,TP 2,4526,6119,0.909,O
40,2023-04-26,2022-2,485,Lab 3,4553,6119,0.505,R
41,2023-05-08,2022-2,485,TP 3,4610,6119,1.0,O
42,2023-05-17,2022-2,485,Lab 4,4629,6119,0.773,R
43,2023-05-22,2022-2,485,TP 4,4673,6119,0.491,I
44,2023-05-29,2022-2,485,Lab 5,4697,6119,0.927,O
45,2023-06-19,2022-2,485,TP 6,4797,6119,0.287,I
46,2023-04-03,2022-2,485,Lab 1,4399,6141,1.0,O
47,2023-04-05,2022-2,485,TP 1,4452,6141,0.519,R
48,2023-04-17,2022-2,485,Lab 2,4477,6141,0.429,I
49,2023-04-19,2022-2,485,TP 2,4526,6141,0.67,R
50,2023-05-07,2022-2,485,Lab 3,4553,6141,1.0,O
51,2023-05-08,2022-2,485,TP 3,4610,6141,0.692,R
52,2023-05-22,2022-2,485,TP 4,4673,6141,1.0,O
53,2023-06-04,2022-2,485,Lab 5,4697,6141,0.371,I
54,2023-06-19,2022-2,485,Lab 6,4757,6141,0.0,I
55,2023-03-23,2022-2,485,Lab 1,4399,6358,1.0,O
56,2023-04-05,2022-2,485,TP 1,4452,6358,0.599,R
57,2023-04-17,2022-2,485,Lab 2,4477,6358,0.876,B
58,2023-04-19,2022-2,485,TP 2,4526,6358,0.567,R
59,2023-04-25,2022-2,485,Lab 3,4553,6358,1.0,O
60,2023-05-18,2022-2,485,Lab 4,4629,6358,1.0,O
61,2023-05-30,2022-2,485,Lab 5,4697,6358,0.879,B
62,2023-03-22,2022-2,485,Lab 1,4399,6421,1.0,O
63,2023-03-22,2022-2,485,Lab 1,4399,6612,0.833,B
64,2023-04-05,2022-2,485,TP 1,4452,6612,0.983,O
65,2023-04-10,2022-2,485,Lab 2,4477,6612,0.927,O
66,2023-04-19,2022-2,485,TP 2,4526,6612,1.0,O
67,2023-04-26,2022-2,485,Lab 3,4553,6612,0.929,O
68,2023-05-08,2022-2,485,TP 3,4610,6612,1.0,O
69,2023-05-15,2022-2,485,Lab 4,4629,6612,0.641,R
70,2023-05-22,2022-2,485,TP 4,4673,6612,0.766,R
71,2023-05-26,2022-2,485,Lab 5,4697,6612,0.859,B
72,2023-06-05,2022-2,485,TP 5,4749,6612,0.665,R
73,2023-06-19,2022-2,485,Lab 6,4757,6612,0.639,R
74,2023-06-19,2022-2,485,TP 6,4797,6612,0.622,R
75,2023-03-23,2022-2,485,Lab 1,4399,7104,1.0,O
76,2023-04-05,2022-2,485,TP 1,4452,7104,0.903,O
77,2023-04-11,2022-2,485,Lab 2,4477,7104,0.745,R
78,2023-04-19,2022-2,485,TP 2,4526,7104,0.935,O
79,2023-05-02,2022-2,485,Lab 3,4553,7104,0.963,O
80,2023-05-18,2022-2,485,Lab 4,4629,7104,0.802,B
81,2023-05-22,2022-2,485,TP 4,4673,7104,0.222,I
82,2023-06-03,2022-2,485,Lab 5,4697,7104,0.555,R
83,2023-06-05,2022-2,485,TP 5,4749,7104,0.764,R
84,2023-06-17,2022-2,485,Lab 6,4757,7104,0.691,R
85,2023-06-19,2022-2,485,TP 6,4797,7104,0.927,O
86,2023-03-23,2022-2,485,Lab 1,4399,7108,0.0,I
87,2023-04-05,2022-2,485,TP 1,4452,7108,0.952,O
88,2023-04-10,2022-2,485,Lab 2,4477,7108,0.774,R
89,2023-04-19,2022-2,485,TP 2,4526,7108,0.957,O
90,2023-05-04,2022-2,485,Lab 3,4553,7108,0.926,O
91,2023-05-08,2022-2,485,TP 3,4610,7108,0.96,O
92,2023-05-21,2022-2,485,Lab 4,4629,7108,0.754,R
93,2023-05-22,2022-2,485,TP 4,4673,7108,0.906,O
94,2023-06-08,2022-2,485,Lab 6,4757,7108,0.641,R
95,2023-06-19,2022-2,485,TP 6,4797,7108,0.878,B
96,2023-03-22,2022-2,485,Lab 1,4399,7214,0.709,R
97,2023-04-05,2022-2,485,TP 1,4452,7214,0.841,B
98,2023-04-12,2022-2,485,Lab 2,4477,7214,0.841,B
99,2023-03-22,2022-2,485,Lab 1,4399,7636,0.667,R
100,2023-04-05,2022-2,485,TP 1,4452,7636,1.0,O
101,2023-04-17,2022-2,485,Lab 2,4477,7636,0.854,B
102,2023-04-19,2022-2,485,TP 2,4526,7636,1.0,O
103,2023-05-03,2022-2,485,Lab 3,4553,7636,0.956,O
104,2023-05-08,2022-2,485,TP 3,4610,7636,1.0,O
105,2023-05-15,2022-2,485,Lab 4,4629,7636,0.813,B
106,2023-05-22,2022-2,485,TP 4,4673,7636,1.0,O
107,2023-05-29,2022-2,485,Lab 5,4697,7636,0.909,O
108,2023-06-05,2022-2,485,TP 5,4749,7636,0.909,O
109,2023-06-12,2022-2,485,Lab 6,4757,7636,0.823,B
110,2023-06-19,2022-2,485,TP 6,4797,7636,0.62,R
111,2023-03-23,2022-2,485,Lab 1,4399,7728,0.75,R
112,2023-04-10,2022-2,485,Lab 2,4477,7728,1.0,O
113,2023-03-23,2022-2,485,Lab 1,4399,8158,0.739,R
114,2023-04-05,2022-2,485,TP 1,4452,8158,0.484,I
115,2023-04-12,2022-2,485,Lab 2,4477,8158,0.561,R
116,2023-04-19,2022-2,485,TP 2,4526,8158,0.73,R
117,2023-04-27,2022-2,485,Lab 3,4553,8158,0.65,R
118,2023-05-08,2022-2,485,TP 3,4610,8158,1.0,O
119,2023-05-15,2022-2,485,Lab 4,4629,8158,0.813,B
120,2023-05-22,2022-2,485,TP 4,4673,8158,0.617,R
121,2023-05-29,2022-2,485,Lab 5,4697,8158,0.457,I
122,2023-06-05,2022-2,485,TP 5,4749,8158,0.743,R
123,2023-06-18,2022-2,485,Lab 6,4757,8158,0.449,I
124,2023-06-19,2022-2,485,TP 6,4797,8158,0.811,B
125,2023-03-23,2022-2,485,Lab 1,4399,8159,0.713,R
126,2023-04-05,2022-2,485,TP 1,4452,8159,1.0,O
127,2023-04-11,2022-2,485,Lab 2,4477,8159,0.726,R
128,2023-04-19,2022-2,485,TP 2,4526,8159,0.957,O
129,2023-04-26,2022-2,485,Lab 3,4553,8159,0.945,O
130,2023-05-08,2022-2,485,TP 3,4610,8159,1.0,O
131,2023-05-10,2022-2,485,Lab 4,4629,8159,0.798,R
132,2023-05-22,2022-2,485,TP 4,4673,8159,1.0,O
133,2023-05-26,2022-2,485,Lab 5,4697,8159,0.888,B
134,2023-06-05,2022-2,485,TP 5,4749,8159,0.811,B
135,2023-06-10,2022-2,485,Lab 6,4757,8159,0.718,R
136,2023-06-19,2022-2,485,TP 6,4797,8159,0.913,O
137,2023-03-22,2022-2,485,Lab 1,4399,8160,0.833,B
138,2023-04-05,2022-2,485,TP 1,4452,8160,1.0,O
139,2023-04-10,2022-2,485,Lab 2,4477,8160,0.798,R
140,2023-04-19,2022-2,485,TP 2,4526,8160,1.0,O
141,2023-04-24,2022-2,485,Lab 3,4553,8160,0.94,O
142,2023-05-08,2022-2,485,TP 3,4610,8160,0.857,B
143,2023-05-15,2022-2,485,Lab 4,4629,8160,0.737,R
144,2023-05-22,2022-2,485,TP 4,4673,8160,0.768,R
145,2023-05-29,2022-2,485,Lab 5,4697,8160,0.731,R
146,2023-06-05,2022-2,485,TP 5,4749,8160,0.924,O
147,2023-06-19,2022-2,485,Lab 6,4757,8160,0.537,R
148,2023-06-19,2022-2,485,TP 6,4797,8160,0.771,R
149,2023-03-30,2022-2,485,Lab 1,4399,8161,0.73,R
150,2023-04-13,2022-2,485,TP 1,4452,8161,0.555,R
151,2023-04-12,2022-2,485,Lab 2,4477,8161,0.539,R
152,2023-04-19,2022-2,485,TP 2,4526,8161,0.676,R
153,2023-05-15,2022-2,485,Lab 4,4629,8161,0.684,R
154,2023-05-31,2022-2,485,Lab 5,4697,8161,0.679,R
155,2023-03-22,2022-2,485,Lab 1,4399,8162,0.758,R
156,2023-04-13,2022-2,485,TP 1,4452,8162,0.786,R
157,2023-04-10,2022-2,485,Lab 2,4477,8162,1.0,O
158,2023-03-22,2022-2,485,Lab 1,4399,8163,0.355,I
159,2023-04-05,2022-2,485,TP 1,4452,8163,1.0,O
160,2023-04-11,2022-2,485,Lab 2,4477,8163,0.398,I
161,2023-04-19,2022-2,485,TP 2,4526,8163,0.979,O
162,2023-05-03,2022-2,485,Lab 3,4553,8163,0.84,B
163,2023-05-08,2022-2,485,TP 3,4610,8163,0.775,R
164,2023-05-16,2022-2,485,Lab 4,4629,8163,0.914,O
165,2023-05-29,2022-2,485,Lab 5,4697,8163,0.738,R
166,2023-06-05,2022-2,485,TP 5,4749,8163,0.543,R
167,2023-06-19,2022-2,485,Lab 6,4757,8163,1.0,O
168,2023-06-19,2022-2,485,TP 6,4797,8163,0.58,R
169,2023-03-23,2022-2,485,Lab 1,4399,8164,0.818,B
170,2023-04-05,2022-2,485,TP 1,4452,8164,1.0,O
171,2023-04-12,2022-2,485,Lab 2,4477,8164,0.652,R
172,2023-04-19,2022-2,485,TP 2,4526,8164,0.969,O
173,2023-04-27,2022-2,485,Lab 3,4553,8164,0.851,B
174,2023-05-08,2022-2,485,TP 3,4610,8164,0.509,R
175,2023-05-15,2022-2,485,Lab 4,4629,8164,0.835,B
176,2023-05-22,2022-2,485,TP 4,4673,8164,0.243,I
177,2023-06-05,2022-2,485,Lab 5,4697,8164,0.313,I
178,2023-06-05,2022-2,485,TP 5,4749,8164,0.623,R
179,2023-06-07,2022-2,485,Lab 6,4757,8164,0.549,R
180,2023-06-19,2022-2,485,TP 6,4797,8164,0.825,B
181,2023-03-27,2022-2,485,Lab 1,4399,8166,0.5,R
182,2023-05-05,2022-2,485,Lab 3,4553,8166,0.818,B
183,2023-03-23,2022-2,485,Lab 1,4399,8167,0.941,O
184,2023-04-05,2022-2,485,TP 1,4452,8167,1.0,O
185,2023-04-12,2022-2,485,Lab 2,4477,8167,0.94,O
186,2023-04-19,2022-2,485,TP 2,4526,8167,1.0,O
187,2023-04-25,2022-2,485,Lab 3,4553,8167,0.947,O
188,2023-05-08,2022-2,485,TP 3,4610,8167,1.0,O
189,2023-05-15,2022-2,485,Lab 4,4629,8167,0.901,O
190,2023-05-22,2022-2,485,TP 4,4673,8167,1.0,O
191,2023-05-28,2022-2,485,Lab 5,4697,8167,0.81,B
192,2023-06-05,2022-2,485,TP 5,4749,8167,0.771,R
193,2023-06-11,2022-2,485,Lab 6,4757,8167,0.773,R
194,2023-06-19,2022-2,485,TP 6,4797,8167,0.933,O
195,2023-03-23,2022-2,485,Lab 1,4399,8168,0.642,R
196,2023-04-05,2022-2,485,TP 1,4452,8168,0.818,B
197,2023-04-12,2022-2,485,Lab 2,4477,8168,0.809,B
198,2023-04-19,2022-2,485,TP 2,4526,8168,0.791,R
199,2023-04-27,2022-2,485,Lab 3,4553,8168,0.774,R
200,2023-05-08,2022-2,485,TP 3,4610,8168,1.0,O
201,2023-05-15,2022-2,485,Lab 4,4629,8168,0.582,R
202,2023-05-22,2022-2,485,TP 4,4673,8168,0.434,I
203,2023-05-25,2022-2,485,Lab 5,4697,8168,0.716,R
204,2023-06-05,2022-2,485,TP 5,4749,8168,0.916,O
205,2023-06-11,2022-2,485,Lab 6,4757,8168,0.885,B
206,2023-06-19,2022-2,485,TP 6,4797,8168,0.585,R
207,2023-03-23,2022-2,485,Lab 1,4399,8169,0.392,I
208,2023-04-05,2022-2,485,TP 1,4452,8169,0.378,I
209,2023-04-11,2022-2,485,Lab 2,4477,8169,0.871,B
210,2023-04-19,2022-2,485,TP 2,4526,8169,0.753,R
211,2023-04-25,2022-2,485,Lab 3,4553,8169,0.851,B
212,2023-05-08,2022-2,485,TP 3,4610,8169,0.739,R
213,2023-06-05,2022-2,485,Lab 5,4697,8169,0.723,R
214,2023-06-05,2022-2,485,TP 5,4749,8169,0.862,B
215,2023-06-12,2022-2,485,Lab 6,4757,8169,0.723,R
216,2023-06-19,2022-2,485,TP 6,4797,8169,0.623,R
217,2023-03-26,2022-2,485,Lab 1,4399,8170,0.862,B
218,2023-04-05,2022-2,485,TP 1,4452,8170,1.0,O
219,2023-04-12,2022-2,485,Lab 2,4477,8170,0.81,B
220,2023-04-19,2022-2,485,TP 2,4526,8170,0.958,O
221,2023-04-26,2022-2,485,Lab 3,4553,8170,0.894,B
222,2023-05-08,2022-2,485,TP 3,4610,8170,0.318,I
223,2023-05-14,2022-2,485,Lab 4,4629,8170,0.775,R
224,2023-05-22,2022-2,485,TP 4,4673,8170,1.0,O
225,2023-05-26,2022-2,485,Lab 5,4697,8170,0.621,R
226,2023-06-05,2022-2,485,TP 5,4749,8170,0.916,O
227,2023-06-07,2022-2,485,Lab 6,4757,8170,0.734,R
228,2023-06-19,2022-2,485,TP 6,4797,8170,0.855,B
229,2023-03-27,2022-2,485,Lab 1,4399,8171,0.0,I
230,2023-04-13,2022-2,485,TP 1,4452,8171,0.5,R
231,2023-04-11,2022-2,485,Lab 2,4477,8171,1.0,O
232,2023-04-19,2022-2,485,TP 2,4526,8171,0.0,I
233,2023-04-24,2022-2,485,Lab 3,4553,8171,1.0,O
234,2023-05-08,2022-2,485,TP 3,4610,8171,0.568,R
235,2023-05-15,2022-2,485,Lab 4,4629,8171,0.775,R
236,2023-05-29,2022-2,485,Lab 5,4697,8171,0.658,R
237,2023-06-05,2022-2,485,TP 5,4749,8171,0.75,R
238,2023-06-07,2022-2,485,Lab 6,4757,8171,0.733,R
239,2023-06-19,2022-2,485,TP 6,4797,8171,1.0,O
240,2023-03-27,2022-2,485,Lab 1,4399,8289,0.388,I
241,2023-04-05,2022-2,485,TP 1,4452,8289,0.617,R
242,2023-04-12,2022-2,485,Lab 2,4477,8289,0.873,B
243,2023-04-19,2022-2,485,TP 2,4526,8289,0.631,R
244,2023-04-26,2022-2,485,Lab 3,4553,8289,0.623,R
245,2023-05-08,2022-2,485,TP 3,4610,8289,0.213,I
246,2023-05-20,2022-2,485,Lab 4,4629,8289,0.763,R
247,2023-05-22,2022-2,485,TP 4,4673,8289,0.396,I
248,2023-05-29,2022-2,485,Lab 5,4697,8289,0.625,R
249,2023-06-14,2022-2,485,Lab 6,4757,8289,1.0,O
250,2023-03-23,2022-2,485,Lab 1,4399,8290,1.0,O
251,2023-04-13,2022-2,485,TP 1,4452,8290,0.948,O
252,2023-04-12,2022-2,485,Lab 2,4477,8290,0.868,B
253,2023-04-19,2022-2,485,TP 2,4526,8290,1.0,O
254,2023-05-04,2022-2,485,Lab 3,4553,8290,0.933,O
255,2023-05-08,2022-2,485,TP 3,4610,8290,1.0,O
256,2023-05-16,2022-2,485,Lab 4,4629,8290,0.782,R
257,2023-05-27,2022-2,485,Lab 5,4697,8290,0.879,B
258,2023-06-05,2022-2,485,TP 5,4749,8290,1.0,O
259,2023-06-10,2022-2,485,Lab 6,4757,8290,0.845,B
260,2023-03-27,2022-2,485,Lab 1,4399,8321,0.582,R
261,2023-04-05,2022-2,485,TP 1,4452,8321,0.767,R
262,2023-04-17,2022-2,485,Lab 2,4477,8321,0.42,I
263,2023-04-19,2022-2,485,TP 2,4526,8321,1.0,O
264,2023-04-26,2022-2,485,Lab 3,4553,8321,0.432,I
265,2023-05-08,2022-2,485,TP 3,4610,8321,1.0,O
266,2023-05-15,2022-2,485,Lab 4,4629,8321,0.555,R
267,2023-05-22,2022-2,485,TP 4,4673,8321,0.455,I
268,2023-05-29,2022-2,485,Lab 5,4697,8321,0.387,I
269,2023-06-05,2022-2,485,TP 5,4749,8321,0.316,I
270,2023-06-14,2022-2,485,Lab 6,4757,8321,0.813,B
271,2023-06-19,2022-2,485,TP 6,4797,8321,0.247,I
272,2023-03-27,2022-2,485,Lab 1,4399,8387,0.785,R
273,2023-03-26,2022-2,486,Lab 1,4407,1769,0.867,B
274,2023-04-05,2022-2,486,TP 1,4447,1769,0.895,B
275,2023-04-16,2022-2,486,Lab 2,4487,1769,1.0,O
276,2023-05-01,2022-2,486,Lab 3,4567,1769,0.776,R
277,2023-05-18,2022-2,486,Lab 4,4635,1769,0.912,O
278,2023-05-22,2022-2,486,TP 4,4675,1769,1.0,O
279,2023-06-03,2022-2,486,Lab 5,4706,1769,0.851,B
280,2023-06-05,2022-2,486,TP 5,4750,1769,0.913,O
281,2023-06-15,2022-2,486,Lab 6,4761,1769,0.986,O
282,2023-06-19,2022-2,486,TP 6,4798,1769,1.0,O
283,2023-04-18,2022-2,486,Lab 2,4487,2150,0.912,O
284,2023-03-27,2022-2,486,Lab 1,4407,2549,0.809,B
285,2023-04-05,2022-2,486,TP 1,4447,2549,1.0,O
286,2023-04-10,2022-2,486,Lab 2,4487,2549,1.0,O
287,2023-04-26,2022-2,486,Lab 3,4567,2549,0.93,O
288,2023-03-30,2022-2,486,Lab 1,4407,2846,0.582,R
289,2023-04-14,2022-2,486,Lab 2,4487,2846,0.745,R
290,2023-04-19,2022-2,486,TP 2,4536,2846,0.694,R
291,2023-05-07,2022-2,486,Lab 3,4567,2846,0.519,R
292,2023-04-04,2022-2,486,Lab 1,4407,3519,0.0,I
293,2023-03-27,2022-2,486,Lab 1,4407,4038,0.284,I
294,2023-03-23,2022-2,486,Lab 1,4407,4054,1.0,O
295,2023-04-05,2022-2,486,TP 1,4447,4054,0.965,O
296,2023-04-12,2022-2,486,Lab 2,4487,4054,0.762,R
297,2023-04-19,2022-2,486,TP 2,4536,4054,0.965,O
298,2023-04-29,2022-2,486,Lab 3,4567,4054,0.764,R
299,2023-05-08,2022-2,486,TP 3,4625,4054,1.0,O
300,2023-04-18,2022-2,486,Lab 2,4487,4640,1.0,O
301,2023-03-26,2022-2,486,Lab 1,4407,4742,1.0,O
302,2023-03-27,2022-2,486,Lab 1,4407,5023,1.0,O
303,2023-04-05,2022-2,486,TP 1,4447,5023,0.784,R
304,2023-04-13,2022-2,486,Lab 2,4487,5023,0.876,B
305,2023-04-19,2022-2,486,TP 2,4536,5023,1.0,O
306,2023-05-07,2022-2,486,Lab 3,4567,5023,0.712,R
307,2023-05-08,2022-2,486,TP 3,4625,5023,0.727,R
308,2023-05-18,2022-2,486,Lab 4,4635,5023,0.646,R
309,2023-05-22,2022-2,486,TP 4,4675,5023,1.0,O
310,2023-05-29,2022-2,486,Lab 5,4706,5023,0.477,I
311,2023-06-05,2022-2,486,TP 5,4750,5023,0.524,R
312,2023-06-15,2022-2,486,Lab 6,4761,5023,0.734,R
313,2023-06-19,2022-2,486,TP 6,4798,5023,0.886,B
314,2023-03-27,2022-2,486,Lab 1,4407,5038,0.0,I
315,2023-04-05,2022-2,486,TP 1,4447,5038,1.0,O
316,2023-04-13,2022-2,486,Lab 2,4487,5038,0.764,R
317,2023-04-19,2022-2,486,TP 2,4536,5038,0.739,R
318,2023-05-04,2022-2,486,Lab 3,4567,5038,0.767,R
319,2023-05-08,2022-2,486,TP 3,4625,5038,0.795,R
320,2023-05-18,2022-2,486,Lab 4,4635,5038,0.662,R
321,2023-05-22,2022-2,486,TP 4,4675,5038,0.8,B
322,2023-05-26,2022-2,486,Lab 5,4706,5038,0.601,R
323,2023-06-05,2022-2,486,TP 5,4750,5038,0.711,R
324,2023-06-15,2022-2,486,Lab 6,4761,5038,0.675,R
325,2023-06-19,2022-2,486,TP 6,4798,5038,0.856,B
326,2023-04-07,2022-2,486,Lab 1,4407,5509,0.875,B
327,2023-04-17,2022-2,486,Lab 2,4487,5509,0.847,B
328,2023-05-08,2022-2,486,Lab 3,4567,5509,0.991,O
329,2023-03-25,2022-2,486,Lab 1,4407,5654,0.0,I
330,2023-04-05,2022-2,486,TP 1,4447,5654,1.0,O
331,2023-03-24,2022-2,486,Lab 1,4407,6092,0.89,B
332,2023-04-05,2022-2,486,TP 1,4447,6092,1.0,O
333,2023-04-17,2022-2,486,Lab 2,4487,6092,0.601,R
334,2023-04-19,2022-2,486,TP 2,4536,6092,0.551,R
335,2023-05-04,2022-2,486,Lab 3,4567,6092,0.741,R
336,2023-05-08,2022-2,486,TP 3,4625,6092,0.732,R
337,2023-05-22,2022-2,486,Lab 4,4635,6092,1.0,O
338,2023-05-22,2022-2,486,TP 4,4675,6092,0.671,R
339,2023-06-01,2022-2,486,Lab 5,4706,6092,0.536,R
340,2023-06-05,2022-2,486,TP 5,4750,6092,0.572,R
341,2023-06-15,2022-2,486,Lab 6,4761,6092,0.598,R
342,2023-06-19,2022-2,486,TP 6,4798,6092,0.404,I
343,2023-03-27,2022-2,486,Lab 1,4407,6364,1.0,O
344,2023-04-05,2022-2,486,TP 1,4447,6364,0.673,R
345,2023-03-27,2022-2,486,Lab 1,4407,7150,1.0,O
346,2023-04-05,2022-2,486,TP 1,4447,7150,0.57,R
347,2023-04-19,2022-2,486,Lab 2,4487,7150,0.574,R
348,2023-04-04,2022-2,486,Lab 1,4407,7201,1.0,O
349,2023-04-05,2022-2,486,TP 1,4447,7201,0.598,R
350,2023-04-19,2022-2,486,TP 2,4536,7633,0.897,B
351,2023-03-23,2022-2,486,Lab 1,4407,7657,0.0,I
352,2023-04-05,2022-2,486,TP 1,4447,7657,0.931,O
353,2023-04-18,2022-2,486,Lab 2,4487,7657,0.684,R
354,2023-04-19,2022-2,486,TP 2,4536,7657,0.741,R
355,2023-05-08,2022-2,486,TP 3,4625,7657,0.964,O
356,2023-05-18,2022-2,486,Lab 4,4635,7657,0.594,R
357,2023-05-22,2022-2,486,TP 4,4675,7657,0.565,R
358,2023-06-19,2022-2,486,Lab 6,4761,7657,0.729,R
359,2023-06-19,2022-2,486,TP 6,4798,7657,0.714,R
360,2023-05-06,2022-2,486,Lab 3,4567,7659,0.674,R
361,2023-04-10,2022-2,486,Lab 1,4407,7675,1.0,O
362,2023-04-05,2022-2,486,TP 1,4447,7675,0.63,R
363,2023-04-19,2022-2,486,TP 2,4536,7675,0.755,R
364,2023-05-17,2022-2,486,Lab 4,4635,7675,0.348,I
365,2023-03-22,2022-2,486,Lab 1,4407,8172,0.57,R
366,2023-04-05,2022-2,486,TP 1,4447,8172,0.929,O
367,2023-04-19,2022-2,486,Lab 2,4487,8172,0.957,O
368,2023-04-19,2022-2,486,TP 2,4536,8172,1.0,O
369,2023-05-08,2022-2,486,TP 3,4625,8172,0.914,O
370,2023-05-22,2022-2,486,TP 4,4675,8172,0.916,O
371,2023-06-05,2022-2,486,Lab 5,4706,8172,0.712,R
372,2023-06-05,2022-2,486,TP 5,4750,8172,0.714,R
373,2023-06-19,2022-2,486,Lab 6,4761,8172,0.944,O
374,2023-06-19,2022-2,486,TP 6,4798,8172,0.722,R
375,2023-03-29,2022-2,486,Lab 1,4407,8199,0.468,I
376,2023-03-23,2022-2,486,Lab 1,4407,8200,1.0,O
377,2023-04-05,2022-2,486,TP 1,4447,8200,0.818,B
378,2023-04-11,2022-2,486,Lab 2,4487,8200,0.892,B
379,2023-04-19,2022-2,486,TP 2,4536,8200,0.561,R
380,2023-04-27,2022-2,486,Lab 3,4567,8200,0.754,R
381,2023-05-08,2022-2,486,TP 3,4625,8200,0.676,R
382,2023-05-11,2022-2,486,Lab 4,4635,8200,0.759,R
383,2023-05-22,2022-2,486,TP 4,4675,8200,0.732,R
384,2023-05-27,2022-2,486,Lab 5,4706,8200,1.0,O
385,2023-03-27,2022-2,486,Lab 1,4407,8201,1.0,O
386,2023-04-05,2022-2,486,TP 1,4447,8201,1.0,O
387,2023-04-12,2022-2,486,Lab 2,4487,8201,0.714,R
388,2023-04-19,2022-2,486,TP 2,4536,8201,0.909,O
389,2023-05-03,2022-2,486,Lab 3,4567,8201,0.735,R
390,2023-05-08,2022-2,486,TP 3,4625,8201,0.966,O
391,2023-05-17,2022-2,486,Lab 4,4635,8201,0.854,B
392,2023-05-22,2022-2,486,TP 4,4675,8201,1.0,O
393,2023-05-29,2022-2,486,Lab 5,4706,8201,0.769,R
394,2023-06-05,2022-2,486,TP 5,4750,8201,0.4,I
395,2023-06-12,2022-2,486,Lab 6,4761,8201,0.913,O
396,2023-06-19,2022-2,486,TP 6,4798,8201,0.886,B
397,2023-03-25,2022-2,486,Lab 1,4407,8204,0.818,B
398,2023-04-05,2022-2,486,TP 1,4447,8204,0.332,I
399,2023-04-19,2022-2,486,TP 2,4536,8204,0.306,I
400,2023-05-03,2022-2,486,Lab 3,4567,8204,0.767,R
401,2023-05-08,2022-2,486,TP 3,4625,8204,0.909,O
402,2023-05-20,2022-2,486,Lab 4,4635,8204,0.541,R
403,2023-05-22,2022-2,486,TP 4,4675,8204,0.651,R
404,2023-06-04,2022-2,486,Lab 5,4706,8204,0.848,B
405,2023-06-05,2022-2,486,TP 5,4750,8204,0.558,R
406,2023-06-17,2022-2,486,Lab 6,4761,8204,0.777,R
407,2023-06-19,2022-2,486,TP 6,4798,8204,0.686,R
408,2023-06-19,2022-2,486,TP 6,4798,8205,0.364,I
409,2023-03-27,2022-2,486,Lab 1,4407,8206,0.0,I
410,2023-04-05,2022-2,486,TP 1,4447,8206,0.0,I
411,2023-05-21,2022-2,486,Lab 4,4635,8206,0.455,I
412,2023-03-25,2022-2,486,Lab 1,4407,8207,0.549,R
413,2023-04-05,2022-2,486,TP 1,4447,8207,0.734,R
414,2023-04-17,2022-2,486,Lab 2,4487,8207,0.762,R
415,2023-04-19,2022-2,486,TP 2,4536,8207,0.579,R
416,2023-05-08,2022-2,486,Lab 3,4567,8207,0.842,B
417,2023-05-08,2022-2,486,TP 3,4625,8207,0.596,R
418,2023-05-18,2022-2,486,Lab 4,4635,8207,0.469,I
419,2023-05-22,2022-2,486,TP 4,4675,8207,0.453,I
420,2023-05-29,2022-2,486,Lab 5,4706,8207,0.642,R
421,2023-06-05,2022-2,486,TP 5,4750,8207,0.472,I
422,2023-06-14,2022-2,486,Lab 6,4761,8207,0.797,R
423,2023-06-19,2022-2,486,TP 6,4798,8207,0.33,I
424,2023-03-29,2022-2,486,Lab 1,4407,8308,0.4,I
425,2023-04-05,2022-2,486,TP 1,4447,8308,0.508,R
426,2023-04-17,2022-2,486,Lab 2,4487,8308,0.467,I
427,2023-04-19,2022-2,486,TP 2,4536,8308,0.669,R
428,2023-05-08,2022-2,486,Lab 3,4567,8308,0.644,R
429,2023-05-08,2022-2,486,TP 3,4625,8308,0.746,R
430,2023-05-22,2022-2,486,Lab 4,4635,8308,0.628,R
431,2023-05-22,2022-2,486,TP 4,4675,8308,0.5,R
432,2023-06-05,2022-2,486,TP 5,4750,8308,0.545,R
433,2023-03-29,2022-2,486,Lab 1,4407,8311,0.688,R
434,2023-03-29,2022-2,486,Lab 1,4407,8314,0.506,R
435,2023-04-05,2022-2,486,TP 1,4447,8314,0.572,R
436,2023-04-17,2022-2,486,Lab 2,4487,8314,0.502,R
437,2023-04-19,2022-2,486,TP 2,4536,8314,0.595,R
438,2023-05-08,2022-2,486,Lab 3,4567,8314,0.227,I
439,2023-05-22,2022-2,486,Lab 4,4635,8314,1.0,O
440,2023-05-22,2022-2,486,TP 4,4675,8314,1.0,O
441,2023-03-29,2022-2,486,Lab 1,4407,8391,1.0,O
442,2023-04-05,2022-2,486,TP 1,4447,8391,0.609,R
443,2023-04-16,2022-2,486,Lab 2,4487,8391,0.74,R
444,2023-04-19,2022-2,486,TP 2,4536,8391,0.402,I
445,2023-04-30,2022-2,486,Lab 3,4567,8391,0.727,R
446,2023-05-08,2022-2,486,TP 3,4625,8391,0.808,B
447,2023-05-21,2022-2,486,Lab 4,4635,8391,0.619,R
448,2023-05-22,2022-2,486,TP 4,4675,8391,0.455,I
449,2023-05-31,2022-2,486,Lab 5,4706,8391,0.573,R
450,2023-06-05,2022-2,486,TP 5,4750,8391,0.606,R
451,2023-06-12,2022-2,486,Lab 6,4761,8391,0.787,R
452,2023-06-19,2022-2,486,TP 6,4798,8391,0.547,R
453,2023-04-02,2022-2,486,Lab 1,4407,8436,0.977,O
454,2023-03-22,2022-2,487,Lab 1,4400,3615,1.0,O
455,2023-04-05,2022-2,487,TP 1,4453,3615,1.0,O
456,2023-04-12,2022-2,487,Lab 2,4481,3615,0.962,O
457,2023-04-26,2022-2,487,Lab 3,4551,3615,0.943,O
458,2023-05-08,2022-2,487,TP 3,4622,3615,1.0,O
459,2023-05-15,2022-2,487,Lab 4,4630,3615,0.822,B
460,2023-05-22,2022-2,487,TP 4,4671,3615,1.0,O
461,2023-06-04,2022-2,487,Lab 5,4698,3615,0.862,B
462,2023-06-05,2022-2,487,TP 5,4745,3615,0.857,B
463,2023-06-12,2022-2,487,Lab 6,4759,3615,0.802,B
464,2023-06-19,2022-2,487,TP 6,4792,3615,0.849,B
465,2023-03-28,2022-2,487,Lab 1,4400,3956,0.636,R
466,2023-04-05,2022-2,487,TP 1,4453,3956,0.933,O
467,2023-04-12,2022-2,487,Lab 2,4481,3956,0.882,B
468,2023-04-19,2022-2,487,TP 2,4542,3956,1.0,O
469,2023-05-01,2022-2,487,Lab 3,4551,3956,1.0,O
470,2023-05-08,2022-2,487,TP 3,4622,3956,1.0,O
471,2023-05-21,2022-2,487,Lab 4,4630,3956,1.0,O
472,2023-05-22,2022-2,487,TP 4,4671,3956,1.0,O
473,2023-05-30,2022-2,487,Lab 5,4698,3956,0.526,R
474,2023-06-05,2022-2,487,TP 5,4745,3956,0.551,R
475,2023-06-19,2022-2,487,Lab 6,4759,3956,0.0,I
476,2023-06-19,2022-2,487,TP 6,4792,3956,0.779,R
477,2023-03-27,2022-2,487,Lab 1,4400,3964,1.0,O
478,2023-04-05,2022-2,487,TP 1,4453,3964,1.0,O
479,2023-04-11,2022-2,487,Lab 2,4481,3964,0.962,O
480,2023-04-19,2022-2,487,TP 2,4542,3964,1.0,O
481,2023-05-01,2022-2,487,Lab 3,4551,3964,1.0,O
482,2023-05-08,2022-2,487,TP 3,4622,3964,0.667,R
483,2023-05-16,2022-2,487,Lab 4,4630,3964,0.833,B
484,2023-05-22,2022-2,487,TP 4,4671,3964,1.0,O
485,2023-06-05,2022-2,487,Lab 5,4698,3964,0.748,R
486,2023-06-05,2022-2,487,TP 5,4745,3964,0.86,B
487,2023-06-18,2022-2,487,Lab 6,4759,3964,0.85,B
488,2023-06-19,2022-2,487,TP 6,4792,3964,0.936,O
489,2023-04-01,2022-2,487,Lab 1,4400,5679,0.0,I
490,2023-04-18,2022-2,487,Lab 2,4481,5679,0.406,I
491,2023-03-27,2022-2,487,Lab 1,4400,6262,1.0,O
492,2023-04-05,2022-2,487,TP 1,4453,6262,0.337,I
493,2023-04-17,2022-2,487,Lab 2,4481,6262,0.748,R
494,2023-04-19,2022-2,487,TP 2,4542,6262,0.485,I
495,2023-04-26,2022-2,487,Lab 3,4551,6262,0.668,R
496,2023-05-08,2022-2,487,TP 3,4622,6262,0.804,B
497,2023-05-15,2022-2,487,Lab 4,4630,6262,0.747,R
498,2023-05-22,2022-2,487,TP 4,4671,6262,0.606,R
499,2023-05-29,2022-2,487,Lab 5,4698,6262,0.886,B
500,2023-06-05,2022-2,487,TP 5,4745,6262,0.753,R
501,2023-06-14,2022-2,487,Lab 6,4759,6262,0.888,B
502,2023-06-19,2022-2,487,TP 6,4792,6262,0.849,B
503,2023-04-05,2022-2,487,TP 1,4453,6479,0.825,B
504,2023-04-10,2022-2,487,Lab 2,4481,6479,0.912,O
505,2023-04-19,2022-2,487,TP 2,4542,6479,0.535,R
506,2023-05-02,2022-2,487,Lab 3,4551,6479,0.885,B
507,2023-05-08,2022-2,487,TP 3,4622,6479,0.571,R
508,2023-05-10,2022-2,487,Lab 4,4630,6479,0.695,R
509,2023-05-22,2022-2,487,TP 4,4671,6479,0.612,R
510,2023-05-25,2022-2,487,Lab 5,4698,6479,0.662,R
511,2023-06-05,2022-2,487,TP 5,4745,6479,0.734,R
512,2023-06-08,2022-2,487,Lab 6,4759,6479,0.769,R
513,2023-06-19,2022-2,487,TP 6,4792,6479,0.836,B
514,2023-03-27,2022-2,487,Lab 1,4400,7140,0.85,B
515,2023-04-05,2022-2,487,TP 1,4453,7140,0.815,B
516,2023-04-12,2022-2,487,Lab 2,4481,7140,0.52,R
517,2023-04-19,2022-2,487,TP 2,4542,7140,1.0,O
518,2023-05-06,2022-2,487,Lab 3,4551,7140,0.686,R
519,2023-05-08,2022-2,487,TP 3,4622,7140,1.0,O
520,2023-05-15,2022-2,487,Lab 4,4630,7140,0.751,R
521,2023-05-22,2022-2,487,TP 4,4671,7140,0.87,B
522,2023-05-29,2022-2,487,Lab 5,4698,7140,0.621,R
523,2023-06-05,2022-2,487,TP 5,4745,7140,0.694,R
524,2023-06-12,2022-2,487,Lab 6,4759,7140,0.678,R
525,2023-06-19,2022-2,487,TP 6,4792,7140,0.638,R
526,2023-03-27,2022-2,487,Lab 1,4400,8178,1.0,O
527,2023-04-05,2022-2,487,TP 1,4453,8178,0.476,I
528,2023-04-17,2022-2,487,Lab 2,4481,8178,0.856,B
529,2023-04-25,2022-2,487,Lab 3,4551,8178,0.0,I
530,2023-03-27,2022-2,487,Lab 1,4400,8180,0.401,I
531,2023-04-05,2022-2,487,TP 1,4453,8180,0.53,R
532,2023-04-18,2022-2,487,Lab 2,4481,8180,0.62,R
533,2023-04-19,2022-2,487,TP 2,4542,8180,0.716,R
534,2023-05-08,2022-2,487,Lab 3,4551,8180,1.0,O
535,2023-05-08,2022-2,487,TP 3,4622,8180,0.791,R
536,2023-05-22,2022-2,487,Lab 4,4630,8180,0.427,I
537,2023-05-22,2022-2,487,TP 4,4671,8180,0.206,I
538,2023-05-29,2022-2,487,Lab 5,4698,8180,0.637,R
539,2023-06-05,2022-2,487,TP 5,4745,8180,0.702,R
540,2023-06-14,2022-2,487,Lab 6,4759,8180,0.779,R
541,2023-06-19,2022-2,487,TP 6,4792,8180,0.554,R
542,2023-03-25,2022-2,487,Lab 1,4400,8181,0.972,O
543,2023-04-05,2022-2,487,TP 1,4453,8181,0.98,O
544,2023-04-14,2022-2,487,Lab 2,4481,8181,0.807,B
545,2023-04-19,2022-2,487,TP 2,4542,8181,0.589,R
546,2023-05-03,2022-2,487,Lab 3,4551,8181,0.707,R
547,2023-05-08,2022-2,487,TP 3,4622,8181,0.944,O
548,2023-05-15,2022-2,487,Lab 4,4630,8181,0.84,B
549,2023-05-22,2022-2,487,TP 4,4671,8181,0.669,R
550,2023-05-27,2022-2,487,Lab 5,4698,8181,0.541,R
551,2023-06-05,2022-2,487,TP 5,4745,8181,0.456,I
552,2023-06-09,2022-2,487,Lab 6,4759,8181,0.706,R
553,2023-06-19,2022-2,487,TP 6,4792,8181,0.465,I
554,2023-04-03,2022-2,487,Lab 1,4400,8182,0.229,I
555,2023-04-05,2022-2,487,TP 1,4453,8182,0.599,R
556,2023-04-18,2022-2,487,Lab 2,4481,8182,0.524,R
557,2023-04-19,2022-2,487,TP 2,4542,8182,0.456,I
558,2023-05-07,2022-2,487,Lab 3,4551,8182,1.0,O
559,2023-05-08,2022-2,487,TP 3,4622,8182,0.509,R
560,2023-03-22,2022-2,487,Lab 1,4400,8183,0.946,O
561,2023-04-05,2022-2,487,TP 1,4453,8183,1.0,O
562,2023-04-12,2022-2,487,Lab 2,4481,8183,0.872,B
563,2023-04-19,2022-2,487,TP 2,4542,8183,1.0,O
564,2023-05-07,2022-2,487,Lab 3,4551,8183,0.891,B
565,2023-05-08,2022-2,487,TP 3,4622,8183,1.0,O
566,2023-05-22,2022-2,487,Lab 4,4630,8183,0.839,B
567,2023-05-22,2022-2,487,TP 4,4671,8183,0.723,R
568,2023-05-29,2022-2,487,Lab 5,4698,8183,0.842,B
569,2023-06-05,2022-2,487,TP 5,4745,8183,0.793,R
570,2023-06-07,2022-2,487,Lab 6,4759,8183,0.697,R
571,2023-06-19,2022-2,487,TP 6,4792,8183,0.787,R
572,2023-03-31,2022-2,487,Lab 1,4400,8184,0.364,I
573,2023-04-05,2022-2,487,TP 1,4453,8184,0.668,R
574,2023-04-17,2022-2,487,Lab 2,4481,8184,0.94,O
575,2023-04-19,2022-2,487,TP 2,4542,8184,0.401,I
576,2023-05-07,2022-2,487,Lab 3,4551,8184,0.8,B
577,2023-05-08,2022-2,487,TP 3,4622,8184,0.479,I
578,2023-05-21,2022-2,487,Lab 4,4630,8184,0.504,R
579,2023-05-22,2022-2,487,TP 4,4671,8184,0.21,I
580,2023-05-29,2022-2,487,Lab 5,4698,8184,0.45,I
581,2023-06-05,2022-2,487,TP 5,4745,8184,0.645,R
582,2023-06-12,2022-2,487,Lab 6,4759,8184,0.532,R
583,2023-06-19,2022-2,487,TP 6,4792,8184,0.624,R
584,2023-03-22,2022-2,487,Lab 1,4400,8185,0.545,R
585,2023-04-05,2022-2,487,TP 1,4453,8185,0.801,B
586,2023-04-17,2022-2,487,Lab 2,4481,8185,0.7,R
587,2023-04-19,2022-2,487,TP 2,4542,8185,0.918,O
588,2023-05-08,2022-2,487,Lab 3,4551,8185,0.691,R
589,2023-05-08,2022-2,487,TP 3,4622,8185,0.708,R
590,2023-05-22,2022-2,487,Lab 4,4630,8185,0.692,R
591,2023-05-22,2022-2,487,TP 4,4671,8185,0.287,I
592,2023-06-05,2022-2,487,Lab 5,4698,8185,0.566,R
593,2023-06-05,2022-2,487,TP 5,4745,8185,0.44,I
594,2023-06-18,2022-2,487,Lab 6,4759,8185,0.0,I
595,2023-03-27,2022-2,487,Lab 1,4400,8186,0.459,I
596,2023-04-05,2022-2,487,TP 1,4453,8186,0.609,R
597,2023-04-12,2022-2,487,Lab 2,4481,8186,0.588,R
598,2023-04-19,2022-2,487,TP 2,4542,8186,0.845,B
599,2023-05-03,2022-2,487,Lab 3,4551,8186,0.77,R
600,2023-05-08,2022-2,487,TP 3,4622,8186,1.0,O
601,2023-05-15,2022-2,487,Lab 4,4630,8186,0.761,R
602,2023-05-22,2022-2,487,TP 4,4671,8186,0.553,R
603,2023-05-29,2022-2,487,Lab 5,4698,8186,0.746,R
604,2023-06-05,2022-2,487,TP 5,4745,8186,0.566,R
605,2023-06-12,2022-2,487,Lab 6,4759,8186,0.706,R
606,2023-06-19,2022-2,487,TP 6,4792,8186,0.611,R
607,2023-04-03,2022-2,487,Lab 1,4400,8187,1.0,O
608,2023-04-05,2022-2,487,TP 1,4453,8187,0.937,O
609,2023-04-12,2022-2,487,Lab 2,4481,8187,0.913,O
610,2023-04-19,2022-2,487,TP 2,4542,8187,0.909,O
611,2023-05-03,2022-2,487,Lab 3,4551,8187,0.875,B
612,2023-05-08,2022-2,487,TP 3,4622,8187,1.0,O
613,2023-05-15,2022-2,487,Lab 4,4630,8187,0.871,B
614,2023-05-22,2022-2,487,TP 4,4671,8187,0.742,R
615,2023-06-05,2022-2,487,Lab 5,4698,8187,0.335,I
616,2023-06-05,2022-2,487,TP 5,4745,8187,0.811,B
617,2023-06-12,2022-2,487,Lab 6,4759,8187,0.803,B
618,2023-06-19,2022-2,487,TP 6,4792,8187,0.899,B
619,2023-03-27,2022-2,487,Lab 1,4400,8188,0.464,I
620,2023-04-05,2022-2,487,TP 1,4453,8188,0.95,O
621,2023-04-12,2022-2,487,Lab 2,4481,8188,0.765,R
622,2023-04-19,2022-2,487,TP 2,4542,8188,0.96,O
623,2023-05-03,2022-2,487,Lab 3,4551,8188,0.719,R
624,2023-05-08,2022-2,487,TP 3,4622,8188,1.0,O
625,2023-05-14,2022-2,487,Lab 4,4630,8188,0.426,I
626,2023-05-22,2022-2,487,TP 4,4671,8188,0.797,R
627,2023-05-29,2022-2,487,Lab 5,4698,8188,0.657,R
628,2023-06-05,2022-2,487,TP 5,4745,8188,0.84,B
629,2023-06-12,2022-2,487,Lab 6,4759,8188,0.569,R
630,2023-06-19,2022-2,487,TP 6,4792,8188,0.771,R
631,2023-04-05,2022-2,487,TP 1,4453,8189,0.666,R
632,2023-04-10,2022-2,487,Lab 2,4481,8189,0.891,B
633,2023-04-19,2022-2,487,TP 2,4542,8189,0.316,I
634,2023-05-07,2022-2,487,Lab 3,4551,8189,0.0,I
635,2023-05-08,2022-2,487,TP 3,4622,8189,0.405,I
636,2023-05-22,2022-2,487,Lab 4,4630,8189,0.577,R
637,2023-05-22,2022-2,487,TP 4,4671,8189,0.649,R
638,2023-05-29,2022-2,487,Lab 5,4698,8189,0.655,R
639,2023-06-05,2022-2,487,TP 5,4745,8189,0.621,R
640,2023-06-07,2022-2,487,Lab 6,4759,8189,0.432,I
641,2023-06-19,2022-2,487,TP 6,4792,8189,0.965,O
642,2023-03-27,2022-2,487,Lab 1,4400,8190,0.636,R
643,2023-04-05,2022-2,487,TP 1,4453,8190,0.705,R
644,2023-04-17,2022-2,487,Lab 2,4481,8190,0.732,R
645,2023-04-19,2022-2,487,TP 2,4542,8190,1.0,O
646,2023-05-08,2022-2,487,TP 3,4622,8190,0.616,R
647,2023-05-22,2022-2,487,Lab 4,4630,8190,0.0,I
648,2023-05-22,2022-2,487,TP 4,4671,8190,0.486,I
649,2023-06-05,2022-2,487,Lab 5,4698,8190,0.0,I
650,2023-06-05,2022-2,487,TP 5,4745,8190,0.516,R
651,2023-04-05,2022-2,487,TP 1,4453,8191,0.641,R
652,2023-04-17,2022-2,487,Lab 2,4481,8191,0.857,B
653,2023-04-19,2022-2,487,TP 2,4542,8191,0.304,I
654,2023-05-08,2022-2,487,TP 3,4622,8191,0.57,R
655,2023-05-22,2022-2,487,TP 4,4671,8191,0.532,R
656,2023-03-22,2022-2,487,Lab 1,4400,8192,0.758,R
657,2023-04-05,2022-2,487,TP 1,4453,8192,0.811,B
658,2023-04-14,2022-2,487,Lab 2,4481,8192,0.791,R
659,2023-04-19,2022-2,487,TP 2,4542,8192,0.839,B
660,2023-04-26,2022-2,487,Lab 3,4551,8192,0.843,B
661,2023-05-08,2022-2,487,TP 3,4622,8192,0.958,O
662,2023-05-15,2022-2,487,Lab 4,4630,8192,0.592,R
663,2023-05-22,2022-2,487,TP 4,4671,8192,0.898,B
664,2023-05-29,2022-2,487,Lab 5,4698,8192,0.756,R
665,2023-06-05,2022-2,487,TP 5,4745,8192,0.806,B
666,2023-06-09,2022-2,487,Lab 6,4759,8192,0.755,R
667,2023-06-19,2022-2,487,TP 6,4792,8192,1.0,O
668,2023-03-22,2022-2,487,Lab 1,4400,8193,0.469,I
669,2023-04-05,2022-2,487,TP 1,4453,8193,0.973,O
670,2023-04-18,2022-2,487,Lab 2,4481,8193,0.8,B
671,2023-04-19,2022-2,487,TP 2,4542,8193,0.876,B
672,2023-05-03,2022-2,487,Lab 3,4551,8193,0.809,B
673,2023-05-08,2022-2,487,TP 3,4622,8193,0.909,O
674,2023-05-17,2022-2,487,Lab 4,4630,8193,0.557,R
675,2023-05-29,2022-2,487,Lab 5,4698,8193,0.588,R
676,2023-06-05,2022-2,487,TP 5,4745,8193,0.554,R
677,2023-06-15,2022-2,487,Lab 6,4759,8193,0.622,R
678,2023-06-19,2022-2,487,TP 6,4792,8193,0.399,I
679,2023-03-22,2022-2,487,Lab 1,4400,8194,0.219,I
680,2023-04-05,2022-2,487,TP 1,4453,8194,0.838,B
681,2023-04-13,2022-2,487,Lab 2,4481,8194,0.771,R
682,2023-04-19,2022-2,487,TP 2,4542,8194,0.753,R
683,2023-05-07,2022-2,487,Lab 3,4551,8194,0.0,I
684,2023-05-22,2022-2,487,Lab 4,4630,8194,0.0,I
685,2023-06-05,2022-2,487,Lab 5,4698,8194,0.594,R
686,2023-06-05,2022-2,487,TP 5,4745,8194,0.481,I
687,2023-06-18,2022-2,487,Lab 6,4759,8194,0.833,B
688,2023-06-19,2022-2,487,TP 6,4792,8194,0.774,R
689,2023-03-22,2022-2,487,Lab 1,4400,8195,0.582,R
690,2023-04-05,2022-2,487,TP 1,4453,8195,0.632,R
691,2023-04-12,2022-2,487,Lab 2,4481,8195,0.775,R
692,2023-04-19,2022-2,487,TP 2,4542,8195,0.967,O
693,2023-05-07,2022-2,487,Lab 3,4551,8195,0.785,R
694,2023-05-08,2022-2,487,TP 3,4622,8195,0.857,B
695,2023-05-15,2022-2,487,Lab 4,4630,8195,0.68,R
696,2023-05-22,2022-2,487,TP 4,4671,8195,0.819,B
697,2023-05-27,2022-2,487,Lab 5,4698,8195,0.633,R
698,2023-06-05,2022-2,487,TP 5,4745,8195,0.459,I
699,2023-06-12,2022-2,487,Lab 6,4759,8195,0.751,R
700,2023-06-19,2022-2,487,TP 6,4792,8195,0.806,B
701,2023-04-05,2022-2,487,TP 1,4453,8196,0.642,R
702,2023-04-12,2022-2,487,Lab 2,4481,8196,0.705,R
703,2023-04-19,2022-2,487,TP 2,4542,8196,0.442,I
704,2023-05-07,2022-2,487,Lab 3,4551,8196,0.889,B
705,2023-05-08,2022-2,487,TP 3,4622,8196,0.494,I
706,2023-05-22,2022-2,487,Lab 4,4630,8196,0.762,R
707,2023-05-22,2022-2,487,TP 4,4671,8196,0.723,R
708,2023-06-04,2022-2,487,Lab 5,4698,8196,0.857,B
709,2023-06-05,2022-2,487,TP 5,4745,8196,0.316,I
710,2023-06-12,2022-2,487,Lab 6,4759,8196,0.659,R
711,2023-06-19,2022-2,487,TP 6,4792,8196,0.683,R
712,2023-03-27,2022-2,487,Lab 1,4400,8300,0.777,R
713,2023-04-05,2022-2,487,TP 1,4453,8300,0.682,R
714,2023-04-12,2022-2,487,Lab 2,4481,8300,0.698,R
715,2023-04-19,2022-2,487,TP 2,4542,8300,0.265,I
716,2023-05-08,2022-2,487,Lab 3,4551,8300,1.0,O
717,2023-05-08,2022-2,487,TP 3,4622,8300,0.506,R
718,2023-05-21,2022-2,487,Lab 4,4630,8300,0.83,B
719,2023-05-22,2022-2,487,TP 4,4671,8300,0.411,I
720,2023-06-04,2022-2,487,Lab 5,4698,8300,0.582,R
721,2023-06-05,2022-2,487,TP 5,4745,8300,0.689,R
722,2023-06-18,2022-2,487,Lab 6,4759,8300,1.0,O
723,2023-06-19,2022-2,487,TP 6,4792,8300,0.616,R
724,2023-04-19,2022-2,487,Lab 2,4481,8302,0.513,R
725,2023-04-19,2022-2,487,TP 2,4542,8302,0.455,I
726,2023-04-27,2022-2,487,Lab 3,4551,8302,0.773,R
727,2023-05-22,2022-2,487,Lab 4,4630,8302,0.0,I
728,2023-06-04,2022-2,487,Lab 5,4698,8302,1.0,O
729,2023-03-29,2022-2,487,Lab 1,4400,8389,0.769,R
730,2023-04-05,2022-2,487,TP 1,4453,8389,0.743,R
731,2023-04-12,2022-2,487,Lab 2,4481,8389,0.707,R
732,2023-04-19,2022-2,487,TP 2,4542,8389,0.603,R
733,2023-05-03,2022-2,487,Lab 3,4551,8389,0.634,R
734,2023-05-08,2022-2,487,TP 3,4622,8389,0.909,O
735,2023-05-17,2022-2,487,Lab 4,4630,8389,0.472,I
736,2023-05-22,2022-2,487,TP 4,4671,8389,0.493,I
737,2023-05-29,2022-2,487,Lab 5,4698,8389,0.604,R
738,2023-06-05,2022-2,487,TP 5,4745,8389,0.659,R
739,2023-06-14,2022-2,487,Lab 6,4759,8389,0.605,R
740,2023-06-05,2022-2,488,Lab 5,4699,3213,1.0,O
741,2023-03-27,2022-2,488,Lab 1,4405,4846,0.562,R
742,2023-04-11,2022-2,488,TP 1,4484,4846,0.98,O
743,2023-04-24,2022-2,488,Lab 2,4506,4846,0.505,R
744,2023-04-25,2022-2,488,TP 2,4562,4846,0.879,B
745,2023-05-08,2022-2,488,Lab 3,4564,4846,0.707,R
746,2023-05-09,2022-2,488,TP 3,4626,4846,0.631,R
747,2023-05-16,2022-2,488,Lab 4,4636,4846,0.537,R
748,2023-05-23,2022-2,488,TP 4,4682,4846,0.702,R
749,2023-05-30,2022-2,488,Lab 5,4699,4846,0.647,R
750,2023-06-13,2022-2,488,TP 5,4768,4846,0.3,I
751,2023-06-21,2022-2,488,Lab 6,4769,4846,0.617,R
752,2023-06-29,2022-2,488,TP 6,4832,4846,0.806,B
753,2023-04-25,2022-2,488,Lab 2,4506,6074,0.84,B
754,2023-04-25,2022-2,488,TP 2,4562,6074,0.723,R
755,2023-05-09,2022-2,488,Lab 3,4564,6074,0.947,O
756,2023-05-09,2022-2,488,TP 3,4626,6074,1.0,O
757,2023-05-16,2022-2,488,Lab 4,4636,6074,0.914,O
758,2023-05-30,2022-2,488,Lab 5,4699,6074,0.784,R
759,2023-06-13,2022-2,488,TP 5,4768,6074,0.809,B
760,2023-06-29,2022-2,488,TP 6,4832,6074,0.339,I
761,2023-03-28,2022-2,488,Lab 1,4405,6216,0.551,R
762,2023-04-11,2022-2,488,TP 1,4484,6216,0.324,I
763,2023-04-24,2022-2,488,Lab 2,4506,6216,0.632,R
764,2023-05-08,2022-2,488,Lab 3,4564,6216,0.696,R
765,2023-05-16,2022-2,488,Lab 4,4636,6216,0.227,I
766,2023-06-04,2022-2,488,Lab 5,4699,6216,0.388,I
767,2023-06-13,2022-2,488,TP 5,4768,6216,0.236,I
768,2023-06-29,2022-2,488,Lab 6,4769,6216,0.797,R
769,2023-06-29,2022-2,488,TP 6,4832,6216,0.394,I
770,2023-04-18,2022-2,488,Lab 2,4506,6391,0.818,B
771,2023-03-27,2022-2,488,Lab 1,4405,6485,0.226,I
772,2023-04-11,2022-2,488,TP 1,4484,6485,0.888,B
773,2023-04-18,2022-2,488,Lab 2,4506,6485,0.517,R
774,2023-05-04,2022-2,488,Lab 3,4564,6485,0.704,R
775,2023-05-09,2022-2,488,TP 3,4626,6485,0.957,O
776,2023-05-16,2022-2,488,Lab 4,4636,6485,0.382,I
777,2023-05-23,2022-2,488,TP 4,4682,6485,0.675,R
778,2023-06-02,2022-2,488,Lab 5,4699,6485,0.77,R
779,2023-06-13,2022-2,488,TP 5,4768,6485,0.765,R
780,2023-06-16,2022-2,488,Lab 6,4769,6485,0.752,R
781,2023-06-29,2022-2,488,TP 6,4832,6485,0.797,R
782,2023-03-27,2022-2,488,Lab 1,4405,7169,0.687,R
783,2023-04-11,2022-2,488,TP 1,4484,7169,1.0,O
784,2023-04-13,2022-2,488,Lab 2,4506,7169,0.841,B
785,2023-04-25,2022-2,488,TP 2,4562,7169,0.791,R
786,2023-05-04,2022-2,488,Lab 3,4564,7169,0.815,B
787,2023-05-09,2022-2,488,TP 3,4626,7169,0.903,O
788,2023-05-18,2022-2,488,Lab 4,4636,7169,0.815,B
789,2023-05-23,2022-2,488,TP 4,4682,7169,0.25,I
790,2023-06-05,2022-2,488,Lab 5,4699,7169,0.794,R
791,2023-06-13,2022-2,488,TP 5,4768,7169,0.836,B
792,2023-06-22,2022-2,488,Lab 6,4769,7169,0.662,R
793,2023-06-29,2022-2,488,TP 6,4832,7169,0.817,B
794,2023-03-30,2022-2,488,Lab 1,4405,8210,0.7,R
795,2023-04-11,2022-2,488,TP 1,4484,8210,0.576,R
796,2023-04-13,2022-2,488,Lab 2,4506,8210,0.717,R
797,2023-04-25,2022-2,488,TP 2,4562,8210,0.927,O
798,2023-05-09,2022-2,488,Lab 3,4564,8210,0.848,B
799,2023-05-09,2022-2,488,TP 3,4626,8210,0.934,O
800,2023-05-16,2022-2,488,Lab 4,4636,8210,0.834,B
801,2023-05-23,2022-2,488,TP 4,4682,8210,0.732,R
802,2023-06-01,2022-2,488,Lab 5,4699,8210,0.683,R
803,2023-06-13,2022-2,488,TP 5,4768,8210,0.923,O
804,2023-06-20,2022-2,488,Lab 6,4769,8210,0.739,R
805,2023-06-29,2022-2,488,TP 6,4832,8210,0.811,B
806,2023-04-03,2022-2,488,Lab 1,4405,8211,0.768,R
807,2023-04-11,2022-2,488,TP 1,4484,8211,0.419,I
808,2023-04-17,2022-2,488,Lab 2,4506,8211,0.662,R
809,2023-04-25,2022-2,488,TP 2,4562,8211,0.571,R
810,2023-05-04,2022-2,488,Lab 3,4564,8211,0.77,R
811,2023-05-09,2022-2,488,TP 3,4626,8211,0.907,O
812,2023-05-18,2022-2,488,Lab 4,4636,8211,0.558,R
813,2023-06-27,2022-2,488,Lab 6,4769,8211,0.766,R
814,2023-04-01,2022-2,488,Lab 1,4405,8213,0.661,R
815,2023-04-11,2022-2,488,TP 1,4484,8213,0.65,R
816,2023-04-24,2022-2,488,Lab 2,4506,8213,0.589,R
817,2023-05-06,2022-2,488,Lab 3,4564,8213,0.735,R
818,2023-05-09,2022-2,488,TP 3,4626,8213,1.0,O
819,2023-05-18,2022-2,488,Lab 4,4636,8213,0.687,R
820,2023-05-23,2022-2,488,TP 4,4682,8213,0.176,I
821,2023-06-05,2022-2,488,Lab 5,4699,8213,0.636,R
822,2023-06-13,2022-2,488,TP 5,4768,8213,1.0,O
823,2023-06-22,2022-2,488,Lab 6,4769,8213,0.596,R
824,2023-06-29,2022-2,488,TP 6,4832,8213,0.789,R
825,2023-03-30,2022-2,488,Lab 1,4405,8217,1.0,O
826,2023-04-13,2022-2,488,Lab 2,4506,8217,0.768,R
827,2023-04-25,2022-2,488,TP 2,4562,8217,0.698,R
828,2023-05-09,2022-2,488,Lab 3,4564,8217,0.986,O
829,2023-05-09,2022-2,488,TP 3,4626,8217,1.0,O
830,2023-05-22,2022-2,488,Lab 4,4636,8217,0.714,R
831,2023-05-23,2022-2,488,TP 4,4682,8217,0.909,O
832,2023-06-12,2022-2,488,Lab 5,4699,8217,0.792,R
833,2023-06-28,2022-2,488,Lab 6,4769,8217,0.76,R
834,2023-06-29,2022-2,488,TP 6,4832,8217,0.75,R
835,2023-05-02,2022-2,488,Lab 3,4564,8222,0.152,I
836,2023-05-09,2022-2,488,TP 3,4626,8222,0.167,I
837,2023-05-15,2022-2,488,Lab 4,4636,8222,0.35,I
838,2023-04-10,2022-2,488,Lab 1,4405,8228,0.569,R
839,2023-04-11,2022-2,488,TP 1,4484,8228,0.909,O
840,2023-04-24,2022-2,488,Lab 2,4506,8228,0.519,R
841,2023-04-25,2022-2,488,TP 2,4562,8228,0.425,I
842,2023-05-09,2022-2,488,Lab 3,4564,8228,0.736,R
843,2023-05-09,2022-2,488,TP 3,4626,8228,0.939,O
844,2023-05-22,2022-2,488,Lab 4,4636,8228,0.649,R
845,2023-05-23,2022-2,488,TP 4,4682,8228,0.338,I
846,2023-04-11,2022-2,488,TP 1,4484,8322,0.5,R
847,2023-04-11,2022-2,488,TP 1,4484,8403,0.641,R
848,2023-04-24,2022-2,488,Lab 2,4506,8403,0.424,I
849,2023-05-08,2022-2,488,Lab 3,4564,8403,0.485,I
850,2023-05-09,2022-2,488,TP 3,4626,8403,0.95,O
851,2023-05-11,2022-2,488,Lab 4,4636,8403,0.642,R
852,2023-05-23,2022-2,488,TP 4,4682,8403,0.302,I
853,2023-06-12,2022-2,488,Lab 5,4699,8403,0.727,R
854,2023-06-13,2022-2,488,TP 5,4768,8403,0.204,I
855,2023-06-28,2022-2,488,Lab 6,4769,8403,0.524,R
856,2023-06-29,2022-2,488,TP 6,4832,8403,0.437,I
857,2023-03-24,2022-2,490,Lab 1,4411,3773,0.47,I
858,2023-04-11,2022-2,490,TP 1,4493,3773,0.714,R
859,2023-04-23,2022-2,490,Lab 2,4513,3773,0.717,R
860,2023-04-25,2022-2,490,TP 2,4573,3773,0.55,R
861,2023-05-11,2022-2,490,Lab 3,4584,3773,0.818,B
862,2023-05-11,2022-2,490,TP 3,4637,3773,0.745,R
863,2023-05-17,2022-2,490,Lab 4,4664,3773,0.739,R
864,2023-03-30,2022-2,490,Lab 1,4411,3775,0.6,R
865,2023-04-11,2022-2,490,TP 1,4493,3775,0.225,I
866,2023-04-25,2022-2,490,Lab 2,4513,3775,0.595,R
867,2023-04-25,2022-2,490,TP 2,4573,3775,0.138,I
868,2023-05-11,2022-2,490,Lab 3,4584,3775,0.814,B
869,2023-05-11,2022-2,490,TP 3,4637,3775,0.913,O
870,2023-05-25,2022-2,490,Lab 4,4664,3775,0.77,R
871,2023-05-25,2022-2,490,TP 4,4704,3775,0.941,O
872,2023-06-13,2022-2,490,TP 5,4778,3775,0.749,R
873,2023-06-27,2022-2,490,TP 6,4822,3775,0.914,O
874,2023-03-27,2022-2,490,Lab 1,4411,4542,1.0,O
875,2023-04-25,2022-2,490,Lab 2,4513,4542,0.877,B
876,2023-05-29,2022-2,490,Lab 3,4584,4542,0.938,O
877,2023-05-23,2022-2,490,Lab 4,4664,4542,0.782,R
878,2023-03-23,2022-2,490,Lab 1,4411,4773,1.0,O
879,2023-04-11,2022-2,490,TP 1,4493,4773,0.87,B
880,2023-04-18,2022-2,490,Lab 2,4513,4773,1.0,O
881,2023-04-25,2022-2,490,TP 2,4573,4773,1.0,O
882,2023-05-04,2022-2,490,Lab 3,4584,4773,0.977,O
883,2023-05-11,2022-2,490,TP 3,4637,4773,1.0,O
884,2023-05-22,2022-2,490,Lab 4,4664,4773,0.806,B
885,2023-05-25,2022-2,490,TP 4,4704,4773,0.875,B
886,2023-06-20,2022-2,490,Lab 5,4741,4773,0.724,R
887,2023-06-13,2022-2,490,TP 5,4778,4773,0.764,R
888,2023-06-22,2022-2,490,Lab 6,4784,4773,0.947,O
889,2023-06-27,2022-2,490,TP 6,4822,4773,0.702,R
890,2023-03-23,2022-2,490,Lab 1,4411,4777,1.0,O
891,2023-04-11,2022-2,490,TP 1,4493,4777,0.659,R
892,2023-04-20,2022-2,490,Lab 2,4513,4777,0.902,O
893,2023-04-25,2022-2,490,TP 2,4573,4777,0.512,R
894,2023-05-10,2022-2,490,Lab 3,4584,4777,0.717,R
895,2023-05-11,2022-2,490,TP 3,4637,4777,0.389,I
896,2023-05-18,2022-2,490,Lab 4,4664,4777,1.0,O
897,2023-05-25,2022-2,490,TP 4,4704,4777,0.555,R
898,2023-06-20,2022-2,490,Lab 5,4741,4777,0.596,R
899,2023-06-13,2022-2,490,TP 5,4778,4777,0.803,B
900,2023-06-22,2022-2,490,Lab 6,4784,4777,0.941,O
901,2023-06-27,2022-2,490,TP 6,4822,4777,0.939,O
902,2023-03-28,2022-2,490,Lab 1,4411,5476,1.0,O
903,2023-03-23,2022-2,490,Lab 1,4411,6124,0.896,B
904,2023-04-11,2022-2,490,TP 1,4493,6124,0.579,R
905,2023-04-25,2022-2,490,Lab 2,4513,6124,0.736,R
906,2023-04-25,2022-2,490,TP 2,4573,6124,0.596,R
907,2023-05-09,2022-2,490,Lab 3,4584,6124,0.741,R
908,2023-05-11,2022-2,490,TP 3,4637,6124,0.719,R
909,2023-05-18,2022-2,490,Lab 4,4664,6124,0.909,O
910,2023-05-25,2022-2,490,TP 4,4704,6124,0.581,R
911,2023-06-07,2022-2,490,Lab 5,4741,6124,0.761,R
912,2023-06-13,2022-2,490,TP 5,4778,6124,0.818,B
913,2023-06-22,2022-2,490,Lab 6,4784,6124,0.586,R
914,2023-06-27,2022-2,490,TP 6,4822,6124,1.0,O
915,2023-03-23,2022-2,490,Lab 1,4411,6464,1.0,O
916,2023-04-11,2022-2,490,TP 1,4493,6464,1.0,O
917,2023-04-20,2022-2,490,Lab 2,4513,6464,0.936,O
918,2023-04-25,2022-2,490,TP 2,4573,6464,1.0,O
919,2023-05-10,2022-2,490,Lab 3,4584,6464,0.808,B
920,2023-05-11,2022-2,490,TP 3,4637,6464,1.0,O
921,2023-05-23,2022-2,490,Lab 4,4664,6464,0.921,O
922,2023-05-25,2022-2,490,TP 4,4704,6464,1.0,O
923,2023-06-02,2022-2,490,Lab 5,4741,6464,0.462,I
924,2023-06-13,2022-2,490,TP 5,4778,6464,0.775,R
925,2023-06-20,2022-2,490,Lab 6,4784,6464,0.981,O
926,2023-06-27,2022-2,490,TP 6,4822,6464,1.0,O
927,2023-03-30,2022-2,490,Lab 1,4411,7193,1.0,O
928,2023-03-30,2022-2,490,Lab 1,4411,7217,1.0,O
929,2023-04-11,2022-2,490,TP 1,4493,7217,0.642,R
930,2023-04-25,2022-2,490,Lab 2,4513,7217,0.598,R
931,2023-04-25,2022-2,490,TP 2,4573,7217,0.606,R
932,2023-05-11,2022-2,490,Lab 3,4584,7217,0.889,B
933,2023-05-11,2022-2,490,TP 3,4637,7217,1.0,O
934,2023-05-25,2022-2,490,TP 4,4704,7217,0.758,R
935,2023-06-13,2022-2,490,TP 5,4778,7217,1.0,O
936,2023-03-23,2022-2,490,Lab 1,4411,7682,0.421,I
937,2023-04-11,2022-2,490,TP 1,4493,7682,0.5,R
938,2023-05-11,2022-2,490,TP 3,4637,7682,0.877,B
939,2023-06-27,2022-2,490,Lab 6,4784,7682,0.763,R
940,2023-04-11,2022-2,490,TP 1,4493,8227,0.442,I
941,2023-04-18,2022-2,490,Lab 2,4513,8227,0.295,I
942,2023-04-25,2022-2,490,TP 2,4573,8227,0.316,I
943,2023-05-30,2022-2,490,Lab 3,4584,8227,1.0,O
944,2023-05-11,2022-2,490,TP 3,4637,8227,0.483,I
945,2023-05-18,2022-2,490,Lab 4,4664,8227,0.669,R
946,2023-05-25,2022-2,490,TP 4,4704,8227,0.485,I
947,2023-06-01,2022-2,490,Lab 5,4741,8227,0.361,I
948,2023-06-13,2022-2,490,TP 5,4778,8227,0.556,R
949,2023-06-20,2022-2,490,Lab 6,4784,8227,0.829,B
950,2023-06-27,2022-2,490,TP 6,4822,8227,0.274,I
951,2023-03-28,2022-2,490,Lab 1,4411,8229,0.566,R
952,2023-04-11,2022-2,490,TP 1,4493,8229,0.543,R
953,2023-04-25,2022-2,490,Lab 2,4513,8229,0.614,R
954,2023-04-25,2022-2,490,TP 2,4573,8229,0.53,R
955,2023-05-11,2022-2,490,TP 3,4637,8229,0.345,I
956,2023-05-18,2022-2,490,Lab 4,4664,8229,1.0,O
957,2023-05-25,2022-2,490,TP 4,4704,8229,0.257,I
958,2023-06-13,2022-2,490,TP 5,4778,8229,1.0,O
959,2023-06-27,2022-2,490,TP 6,4822,8229,0.571,R
960,2023-03-25,2022-2,490,Lab 1,4411,8230,0.607,R
961,2023-04-11,2022-2,490,TP 1,4493,8230,0.781,R
962,2023-04-18,2022-2,490,Lab 2,4513,8230,0.509,R
963,2023-05-18,2022-2,490,Lab 4,4664,8230,0.323,I
964,2023-06-01,2022-2,490,Lab 5,4741,8230,1.0,O
965,2023-06-13,2022-2,490,TP 5,4778,8230,0.582,R
966,2023-03-23,2022-2,490,Lab 1,4411,8231,0.455,I
967,2023-04-11,2022-2,490,TP 1,4493,8231,0.708,R
968,2023-04-24,2022-2,490,Lab 2,4513,8231,0.69,R
969,2023-03-30,2022-2,490,Lab 1,4411,8232,1.0,O
970,2023-04-11,2022-2,490,TP 1,4493,8232,0.282,I
971,2023-04-25,2022-2,490,Lab 2,4513,8232,0.667,R
972,2023-04-25,2022-2,490,TP 2,4573,8232,0.576,R
973,2023-05-11,2022-2,490,TP 3,4637,8232,0.676,R
974,2023-05-25,2022-2,490,TP 4,4704,8232,0.258,I
975,2023-06-13,2022-2,490,TP 5,4778,8232,0.239,I
976,2023-03-28,2022-2,490,Lab 1,4411,8233,1.0,O
977,2023-04-11,2022-2,490,TP 1,4493,8233,0.398,I
978,2023-04-18,2022-2,490,Lab 2,4513,8233,0.5,R
979,2023-04-25,2022-2,490,TP 2,4573,8233,0.767,R
980,2023-05-23,2022-2,490,Lab 4,4664,8233,0.286,I
981,2023-05-25,2022-2,490,TP 4,4704,8233,0.118,I
982,2023-06-01,2022-2,490,Lab 5,4741,8233,1.0,O
983,2023-06-13,2022-2,490,TP 5,4778,8233,1.0,O
984,2023-06-20,2022-2,490,Lab 6,4784,8233,1.0,O
985,2023-06-27,2022-2,490,TP 6,4822,8233,0.424,I
986,2023-03-23,2022-2,490,Lab 1,4411,8234,0.875,B
987,2023-04-11,2022-2,490,TP 1,4493,8234,0.979,O
988,2023-04-20,2022-2,490,Lab 2,4513,8234,0.735,R
989,2023-04-25,2022-2,490,TP 2,4573,8234,0.939,O
990,2023-05-11,2022-2,490,Lab 3,4584,8234,0.883,B
991,2023-05-11,2022-2,490,TP 3,4637,8234,1.0,O
992,2023-05-23,2022-2,490,Lab 4,4664,8234,0.774,R
993,2023-05-25,2022-2,490,TP 4,4704,8234,0.883,B
994,2023-06-20,2022-2,490,Lab 5,4741,8234,0.736,R
995,2023-06-13,2022-2,490,TP 5,4778,8234,0.816,B
996,2023-06-26,2022-2,490,Lab 6,4784,8234,0.604,R
997,2023-06-27,2022-2,490,TP 6,4822,8234,0.944,O
998,2023-03-30,2022-2,490,Lab 1,4411,8243,0.711,R
999,2023-04-11,2022-2,490,TP 1,4493,8243,0.765,R
1000,2023-04-13,2022-2,490,Lab 2,4513,8243,0.509,R
1001,2023-03-28,2022-2,490,Lab 1,4411,8324,0.643,R
1002,2023-04-11,2022-2,490,TP 1,4493,8324,0.528,R
1003,2023-04-23,2022-2,490,Lab 2,4513,8324,0.848,B
1004,2023-04-25,2022-2,490,TP 2,4573,8324,0.399,I
1005,2023-05-10,2022-2,490,Lab 3,4584,8324,0.955,O
1006,2023-05-11,2022-2,490,TP 3,4637,8324,0.35,I
1007,2023-05-25,2022-2,490,Lab 4,4664,8324,0.883,B
1008,2023-05-25,2022-2,490,TP 4,4704,8324,0.613,R
1009,2023-06-20,2022-2,490,Lab 5,4741,8324,0.75,R
1010,2023-06-13,2022-2,490,TP 5,4778,8324,0.566,R
1011,2023-06-27,2022-2,490,Lab 6,4784,8324,0.944,O
1012,2023-03-26,2022-2,490,Lab 1,4411,8325,0.956,O
1013,2023-04-11,2022-2,490,TP 1,4493,8325,0.618,R
1014,2023-04-18,2022-2,490,Lab 2,4513,8325,0.877,B
1015,2023-04-25,2022-2,490,TP 2,4573,8325,0.842,B
1016,2023-05-10,2022-2,490,Lab 3,4584,8325,0.779,R
1017,2023-05-11,2022-2,490,TP 3,4637,8325,1.0,O
1018,2023-05-18,2022-2,490,Lab 4,4664,8325,0.637,R
1019,2023-05-25,2022-2,490,TP 4,4704,8325,0.625,R
1020,2023-06-01,2022-2,490,Lab 5,4741,8325,0.767,R
1021,2023-06-13,2022-2,490,TP 5,4778,8325,0.312,I
1022,2023-06-23,2022-2,490,Lab 6,4784,8325,0.767,R
1023,2023-06-27,2022-2,490,TP 6,4822,8325,0.711,R
1024,2023-04-05,2022-2,490,Lab 1,4411,8326,1.0,O
1025,2023-04-11,2022-2,490,TP 1,4493,8326,0.833,B
1026,2023-04-25,2022-2,490,Lab 2,4513,8326,0.255,I
1027,2023-04-25,2022-2,490,TP 2,4573,8326,0.568,R
1028,2023-05-09,2022-2,490,Lab 3,4584,8326,0.0,I
1029,2023-05-11,2022-2,490,TP 3,4637,8326,0.5,R
1030,2023-05-25,2022-2,490,Lab 4,4664,8326,0.0,I
1031,2023-05-25,2022-2,490,TP 4,4704,8326,0.153,I
1032,2023-06-13,2022-2,490,TP 5,4778,8326,0.424,I
1033,2023-03-30,2022-2,490,Lab 1,4411,8408,0.37,I
1034,2023-04-11,2022-2,490,TP 1,4493,8408,0.577,R
1035,2023-04-18,2022-2,490,Lab 2,4513,8408,0.91,O
1036,2023-04-25,2022-2,490,TP 2,4573,8408,0.764,R
1037,2023-05-02,2022-2,490,Lab 3,4584,8408,0.75,R
1038,2023-05-23,2022-2,490,Lab 4,4664,8408,0.451,I
1039,2023-05-25,2022-2,490,TP 4,4704,8408,0.502,R
1040,2023-06-21,2022-2,490,Lab 5,4741,8408,0.636,R
1041,2023-06-22,2022-2,490,Lab 6,4784,8408,0.562,R
1042,2023-06-27,2022-2,490,TP 6,4822,8408,0.567,R
1043,2023-03-30,2022-2,490,Lab 1,4411,8409,0.22,I
1044,2023-04-11,2022-2,490,TP 1,4493,8409,0.624,R
1045,2023-04-18,2022-2,490,Lab 2,4513,8409,0.59,R
1046,2023-04-25,2022-2,490,TP 2,4573,8409,0.751,R
1047,2023-05-11,2022-2,490,Lab 3,4584,8409,0.77,R
1048,2023-05-11,2022-2,490,TP 3,4637,8409,1.0,O
1049,2023-05-23,2022-2,490,Lab 4,4664,8409,0.606,R
1050,2023-05-25,2022-2,490,TP 4,4704,8409,0.979,O
1051,2023-06-01,2022-2,490,Lab 5,4741,8409,0.851,B
1052,2023-06-13,2022-2,490,TP 5,4778,8409,0.919,O
1053,2023-06-27,2022-2,490,Lab 6,4784,8409,0.678,R
1054,2023-06-27,2022-2,490,TP 6,4822,8409,0.415,I
1055,2023-06-26,2022-2,490,Lab 6,4784,8516,0.697,R
1056,2023-04-02,2022-2,491,Lab 1,4403,4263,0.818,B
1057,2023-04-11,2022-2,491,TP 1,4440,4263,0.933,O
1058,2023-04-23,2022-2,491,Lab 2,4515,4263,0.649,R
1059,2023-04-25,2022-2,491,TP 2,4535,4263,0.938,O
1060,2023-05-04,2022-2,491,Lab 3,4571,4263,0.818,B
1061,2023-05-09,2022-2,491,TP 3,4617,4263,1.0,O
1062,2023-05-16,2022-2,491,Lab 4,4640,4263,0.22,I
1063,2023-04-06,2022-2,491,Lab 1,4403,4419,1.0,O
1064,2023-04-11,2022-2,491,TP 1,4440,4419,1.0,O
1065,2023-04-11,2022-2,491,TP 1,4440,4742,0.861,B
1066,2023-03-23,2022-2,491,Lab 1,4403,6431,0.0,I
1067,2023-04-25,2022-2,491,Lab 2,4515,6431,0.6,R
1068,2023-04-25,2022-2,491,TP 2,4535,6431,1.0,O
1069,2023-05-02,2022-2,491,Lab 3,4571,6431,0.175,I
1070,2023-05-09,2022-2,491,TP 3,4617,6431,0.827,B
1071,2023-05-22,2022-2,491,Lab 4,4640,6431,0.681,R
1072,2023-05-23,2022-2,491,TP 4,4672,6431,0.7,R
1073,2023-05-26,2022-2,491,Lab 5,4716,6431,0.481,I
1074,2023-06-06,2022-2,491,TP 5,4746,6431,1.0,O
1075,2023-06-14,2022-2,491,Lab 6,4763,6431,0.686,R
1076,2023-04-11,2022-2,491,Lab 1,4403,7170,0.727,R
1077,2023-04-11,2022-2,491,TP 1,4440,7170,0.434,I
1078,2023-04-18,2022-2,491,Lab 2,4515,7170,0.687,R
1079,2023-04-25,2022-2,491,TP 2,4535,7170,0.595,R
1080,2023-05-04,2022-2,491,Lab 3,4571,7170,0.895,B
1081,2023-05-23,2022-2,491,Lab 4,4640,7170,0.634,R
1082,2023-05-23,2022-2,491,TP 4,4672,7170,0.694,R
1083,2023-06-06,2022-2,491,Lab 5,4716,7170,0.471,I
1084,2023-06-06,2022-2,491,TP 5,4746,7170,0.704,R
1085,2023-06-15,2022-2,491,Lab 6,4763,7170,0.919,O
1086,2023-06-22,2022-2,491,TP 6,4793,7170,0.385,I
1087,2023-03-27,2022-2,491,Lab 1,4403,7237,1.0,O
1088,2023-04-11,2022-2,491,TP 1,4440,7237,0.923,O
1089,2023-04-15,2022-2,491,Lab 2,4515,7237,0.952,O
1090,2023-04-25,2022-2,491,TP 2,4535,7237,1.0,O
1091,2023-05-02,2022-2,491,Lab 3,4571,7237,0.864,B
1092,2023-05-09,2022-2,491,TP 3,4617,7237,0.939,O
1093,2023-05-15,2022-2,491,Lab 4,4640,7237,0.879,B
1094,2023-05-23,2022-2,491,TP 4,4672,7237,0.618,R
1095,2023-05-30,2022-2,491,Lab 5,4716,7237,0.892,B
1096,2023-06-06,2022-2,491,TP 5,4746,7237,0.66,R
1097,2023-06-21,2022-2,491,Lab 6,4763,7237,0.857,B
1098,2023-03-28,2022-2,491,Lab 1,4403,8244,1.0,O
1099,2023-04-11,2022-2,491,TP 1,4440,8244,0.952,O
1100,2023-04-20,2022-2,491,Lab 2,4515,8244,0.786,R
1101,2023-04-25,2022-2,491,TP 2,4535,8244,1.0,O
1102,2023-05-04,2022-2,491,Lab 3,4571,8244,1.0,O
1103,2023-05-09,2022-2,491,TP 3,4617,8244,0.344,I
1104,2023-05-16,2022-2,491,Lab 4,4640,8244,0.809,B
1105,2023-05-23,2022-2,491,TP 4,4672,8244,0.947,O
1106,2023-06-05,2022-2,491,Lab 5,4716,8244,0.594,R
1107,2023-06-06,2022-2,491,TP 5,4746,8244,0.668,R
1108,2023-06-19,2022-2,491,Lab 6,4763,8244,0.609,R
1109,2023-06-22,2022-2,491,TP 6,4793,8244,0.962,O
1110,2023-03-28,2022-2,491,Lab 1,4403,8245,0.541,R
1111,2023-04-11,2022-2,491,TP 1,4440,8245,0.673,R
1112,2023-04-20,2022-2,491,Lab 2,4515,8245,0.672,R
1113,2023-04-25,2022-2,491,TP 2,4535,8245,0.793,R
1114,2023-05-05,2022-2,491,Lab 3,4571,8245,0.864,B
1115,2023-05-09,2022-2,491,TP 3,4617,8245,1.0,O
1116,2023-05-16,2022-2,491,Lab 4,4640,8245,0.439,I
1117,2023-05-23,2022-2,491,TP 4,4672,8245,0.581,R
1118,2023-06-06,2022-2,491,Lab 5,4716,8245,0.972,O
1119,2023-06-06,2022-2,491,TP 5,4746,8245,0.667,R
1120,2023-06-22,2022-2,491,Lab 6,4763,8245,0.923,O
1121,2023-03-30,2022-2,491,Lab 1,4403,8247,1.0,O
1122,2023-04-11,2022-2,491,TP 1,4440,8247,1.0,O
1123,2023-04-16,2022-2,491,Lab 2,4515,8247,0.974,O
1124,2023-04-25,2022-2,491,TP 2,4535,8247,0.752,R
1125,2023-05-09,2022-2,491,Lab 3,4571,8247,0.979,O
1126,2023-05-09,2022-2,491,TP 3,4617,8247,1.0,O
1127,2023-05-21,2022-2,491,Lab 4,4640,8247,0.92,O
1128,2023-05-23,2022-2,491,TP 4,4672,8247,0.8,B
1129,2023-06-06,2022-2,491,Lab 5,4716,8247,0.766,R
1130,2023-06-06,2022-2,491,TP 5,4746,8247,0.947,O
1131,2023-06-21,2022-2,491,Lab 6,4763,8247,0.866,B
1132,2023-06-22,2022-2,491,TP 6,4793,8247,0.928,O
1133,2023-04-09,2022-2,491,Lab 1,4403,8248,0.536,R
1134,2023-04-11,2022-2,491,TP 1,4440,8248,0.522,R
1135,2023-04-25,2022-2,491,Lab 2,4515,8248,0.492,I
1136,2023-04-25,2022-2,491,TP 2,4535,8248,0.482,I
1137,2023-05-09,2022-2,491,Lab 3,4571,8248,1.0,O
1138,2023-05-09,2022-2,491,TP 3,4617,8248,0.53,R
1139,2023-05-23,2022-2,491,Lab 4,4640,8248,0.255,I
1140,2023-05-23,2022-2,491,TP 4,4672,8248,0.351,I
1141,2023-06-06,2022-2,491,Lab 5,4716,8248,0.482,I
1142,2023-06-06,2022-2,491,TP 5,4746,8248,0.373,I
1143,2023-06-22,2022-2,491,Lab 6,4763,8248,0.876,B
1144,2023-06-22,2022-2,491,TP 6,4793,8248,0.523,R
1145,2023-04-09,2022-2,491,Lab 1,4403,8249,1.0,O
1146,2023-04-11,2022-2,491,TP 1,4440,8249,0.578,R
1147,2023-04-25,2022-2,491,Lab 2,4515,8249,0.856,B
1148,2023-04-25,2022-2,491,TP 2,4535,8249,0.787,R
1149,2023-05-23,2022-2,491,Lab 4,4640,8249,1.0,O
1150,2023-05-23,2022-2,491,TP 4,4672,8249,0.495,I
1151,2023-06-06,2022-2,491,Lab 5,4716,8249,0.868,B
1152,2023-06-06,2022-2,491,TP 5,4746,8249,0.585,R
1153,2023-06-22,2022-2,491,Lab 6,4763,8249,0.86,B
1154,2023-03-31,2022-2,491,Lab 1,4403,8251,0.805,B
1155,2023-04-11,2022-2,491,TP 1,4440,8251,0.756,R
1156,2023-04-24,2022-2,491,Lab 2,4515,8251,0.884,B
1157,2023-04-25,2022-2,491,TP 2,4535,8251,1.0,O
1158,2023-05-09,2022-2,491,Lab 3,4571,8251,0.864,B
1159,2023-05-09,2022-2,491,TP 3,4617,8251,0.918,O
1160,2023-05-16,2022-2,491,Lab 4,4640,8251,0.853,B
1161,2023-05-23,2022-2,491,TP 4,4672,8251,0.781,R
1162,2023-05-30,2022-2,491,Lab 5,4716,8251,0.937,O
1163,2023-04-11,2022-2,491,Lab 1,4403,8305,0.5,R
1164,2023-04-11,2022-2,491,TP 1,4440,8305,0.307,I
1165,2023-04-25,2022-2,491,Lab 2,4515,8305,0.446,I
1166,2023-04-25,2022-2,491,TP 2,4535,8305,0.791,R
1167,2023-05-02,2022-2,491,Lab 3,4571,8305,0.828,B
1168,2023-05-09,2022-2,491,TP 3,4617,8305,0.835,B
1169,2023-05-22,2022-2,491,Lab 4,4640,8305,0.494,I
1170,2023-05-23,2022-2,491,TP 4,4672,8305,0.503,R
1171,2023-06-06,2022-2,491,Lab 5,4716,8305,0.577,R
1172,2023-06-22,2022-2,491,Lab 6,4763,8305,0.753,R
1173,2023-06-22,2022-2,491,TP 6,4793,8305,0.506,R
1174,2023-06-22,2022-2,491,TP 6,4793,8314,0.753,R
1175,2023-03-24,2022-2,491,Lab 1,4403,8323,1.0,O
1176,2023-04-11,2022-2,491,TP 1,4440,8323,1.0,O
1177,2023-04-16,2022-2,491,Lab 2,4515,8323,0.879,B
1178,2023-04-25,2022-2,491,TP 2,4535,8323,0.79,R
1179,2023-05-04,2022-2,491,Lab 3,4571,8323,0.978,O
1180,2023-05-09,2022-2,491,TP 3,4617,8323,0.451,I
1181,2023-05-22,2022-2,491,Lab 4,4640,8323,0.903,O
1182,2023-05-23,2022-2,491,TP 4,4672,8323,0.8,B
1183,2023-06-03,2022-2,491,Lab 5,4716,8323,0.866,B
1184,2023-06-06,2022-2,491,TP 5,4746,8323,1.0,O
1185,2023-06-22,2022-2,491,Lab 6,4763,8323,0.922,O
1186,2023-06-22,2022-2,491,TP 6,4793,8323,0.731,R
1187,2023-03-30,2022-2,491,Lab 1,4403,8327,0.784,R
1188,2023-04-11,2022-2,491,TP 1,4440,8327,0.236,I
1189,2023-04-25,2022-2,491,Lab 2,4515,8327,1.0,O
1190,2023-04-25,2022-2,491,TP 2,4535,8327,0.149,I
1191,2023-05-09,2022-2,491,Lab 3,4571,8327,0.875,B
1192,2023-05-23,2022-2,491,Lab 4,4640,8327,0.6,R
1193,2023-04-25,2022-2,491,TP 2,4535,8331,0.318,I
1194,2023-05-09,2022-2,491,Lab 3,4571,8331,0.796,R
1195,2023-05-09,2022-2,491,TP 3,4617,8331,0.291,I
1196,2023-05-23,2022-2,491,Lab 4,4640,8331,0.693,R
1197,2023-05-23,2022-2,491,TP 4,4672,8331,0.263,I
1198,2023-04-01,2022-2,491,Lab 1,4403,8412,1.0,O
1199,2023-04-11,2022-2,491,TP 1,4440,8412,0.515,R
1200,2023-04-18,2022-2,491,Lab 2,4515,8412,0.464,I
1201,2023-05-09,2022-2,491,TP 3,4617,8412,0.947,O
1202,2023-05-16,2022-2,491,Lab 4,4640,8412,0.636,R
1203,2023-06-06,2022-2,491,Lab 5,4716,8412,0.625,R
1204,2023-06-06,2022-2,491,TP 5,4746,8412,0.443,I
1205,2023-06-22,2022-2,491,Lab 6,4763,8412,0.609,R
1206,2023-06-22,2022-2,491,TP 6,4793,8412,0.479,I
1207,2023-04-11,2022-2,491,TP 1,4440,8414,0.452,I
1208,2023-04-18,2022-2,491,Lab 2,4515,8414,0.492,I
1209,2023-04-25,2022-2,491,TP 2,4535,8414,0.291,I
1210,2023-05-04,2022-2,491,Lab 3,4571,8414,0.477,I
1211,2023-05-09,2022-2,491,TP 3,4617,8414,0.964,O
1212,2023-05-11,2022-2,491,Lab 4,4640,8414,1.0,O
1213,2023-05-31,2022-2,491,Lab 5,4716,8414,0.45,I
1214,2023-06-06,2022-2,491,TP 5,4746,8414,0.502,R
1215,2023-06-21,2022-2,491,Lab 6,4763,8414,0.717,R
1216,2023-06-22,2022-2,491,TP 6,4793,8414,0.853,B
1217,2023-04-11,2022-2,491,Lab 1,4403,8415,0.0,I
1218,2023-04-11,2022-2,491,TP 1,4440,8415,0.851,B
1219,2023-04-25,2022-2,491,Lab 2,4515,8415,0.762,R
1220,2023-04-25,2022-2,491,TP 2,4535,8415,0.383,I
1221,2023-05-09,2022-2,491,Lab 3,4571,8415,0.586,R
1222,2023-05-09,2022-2,491,TP 3,4617,8415,0.235,I
1223,2023-03-23,2022-2,493,Lab 1,4409,2993,0.0,I
1224,2023-04-11,2022-2,493,TP 1,4451,2993,0.684,R
1225,2023-04-19,2022-2,493,Lab 2,4504,2993,1.0,O
1226,2023-04-25,2022-2,493,TP 2,4537,2993,0.73,R
1227,2023-05-04,2022-2,493,Lab 3,4556,2993,0.897,B
1228,2023-04-18,2022-2,493,Lab 2,4504,3201,0.348,I
1229,2023-04-25,2022-2,493,TP 2,4537,3201,0.424,I
1230,2023-04-09,2022-2,493,Lab 1,4409,3609,0.333,I
1231,2023-04-11,2022-2,493,TP 1,4451,3609,0.933,O
1232,2023-05-09,2022-2,493,Lab 3,4556,3609,0.875,B
1233,2023-05-09,2022-2,493,TP 3,4614,3609,0.95,O
1234,2023-05-23,2022-2,493,Lab 4,4638,3609,1.0,O
1235,2023-05-23,2022-2,493,TP 4,4677,3609,1.0,O
1236,2023-06-01,2022-2,493,Lab 5,4711,3609,1.0,O
1237,2023-03-23,2022-2,493,Lab 1,4409,4338,0.0,I
1238,2023-04-11,2022-2,493,TP 1,4451,4338,0.723,R
1239,2023-04-25,2022-2,493,Lab 2,4504,4338,0.983,O
1240,2023-04-25,2022-2,493,TP 2,4537,4338,0.784,R
1241,2023-05-04,2022-2,493,Lab 3,4556,4338,0.628,R
1242,2023-05-09,2022-2,493,TP 3,4614,4338,0.659,R
1243,2023-05-12,2022-2,493,Lab 4,4638,4338,0.848,B
1244,2023-05-23,2022-2,493,TP 4,4677,4338,0.932,O
1245,2023-06-02,2022-2,493,Lab 5,4711,4338,0.467,I
1246,2023-06-06,2022-2,493,TP 5,4751,4338,0.45,I
1247,2023-06-15,2022-2,493,Lab 6,4776,4338,0.974,O
1248,2023-06-22,2022-2,493,TP 6,4802,4338,0.792,R
1249,2023-04-10,2022-2,493,Lab 1,4409,5113,0.697,R
1250,2023-04-11,2022-2,493,TP 1,4451,5113,1.0,O
1251,2023-04-25,2022-2,493,Lab 2,4504,5113,0.711,R
1252,2023-04-25,2022-2,493,TP 2,4537,5113,1.0,O
1253,2023-05-09,2022-2,493,Lab 3,4556,5113,0.951,O
1254,2023-05-09,2022-2,493,TP 3,4614,5113,0.957,O
1255,2023-05-22,2022-2,493,Lab 4,4638,5113,0.883,B
1256,2023-05-23,2022-2,493,TP 4,4677,5113,0.96,O
1257,2023-06-06,2022-2,493,Lab 5,4711,5113,0.467,I
1258,2023-06-06,2022-2,493,TP 5,4751,5113,0.508,R
1259,2023-06-15,2022-2,493,Lab 6,4776,5113,0.571,R
1260,2023-06-22,2022-2,493,TP 6,4802,5113,0.816,B
1261,2023-03-28,2022-2,493,Lab 1,4409,7582,0.171,I
1262,2023-04-11,2022-2,493,TP 1,4451,7582,0.595,R
1263,2023-04-18,2022-2,493,Lab 2,4504,7582,0.848,B
1264,2023-04-25,2022-2,493,TP 2,4537,7582,0.829,B
1265,2023-04-27,2022-2,493,Lab 3,4556,7582,0.944,O
1266,2023-05-09,2022-2,493,TP 3,4614,7582,0.976,O
1267,2023-05-11,2022-2,493,Lab 4,4638,7582,1.0,O
1268,2023-06-05,2022-2,493,Lab 5,4711,7582,1.0,O
1269,2023-06-21,2022-2,493,Lab 6,4776,7582,0.944,O
1270,2023-06-22,2022-2,493,TP 6,4802,7582,0.318,I
1271,2023-03-23,2022-2,493,Lab 1,4409,7616,0.0,I
1272,2023-04-11,2022-2,493,TP 1,4451,7616,0.752,R
1273,2023-04-14,2022-2,493,Lab 2,4504,7616,0.535,R
1274,2023-04-25,2022-2,493,TP 2,4537,7616,0.889,B
1275,2023-04-11,2022-2,493,TP 1,4451,7686,0.76,R
1276,2023-04-05,2022-2,493,Lab 1,4409,7776,1.0,O
1277,2023-04-11,2022-2,493,TP 1,4451,7776,0.285,I
1278,2023-04-20,2022-2,493,Lab 2,4504,7776,0.263,I
1279,2023-03-28,2022-2,493,Lab 1,4409,8235,1.0,O
1280,2023-04-11,2022-2,493,TP 1,4451,8235,0.902,O
1281,2023-04-25,2022-2,493,Lab 2,4504,8235,0.651,R
1282,2023-04-25,2022-2,493,TP 2,4537,8235,0.655,R
1283,2023-05-09,2022-2,493,Lab 3,4556,8235,0.763,R
1284,2023-05-09,2022-2,493,TP 3,4614,8235,0.802,B
1285,2023-05-22,2022-2,493,Lab 4,4638,8235,0.966,O
1286,2023-05-23,2022-2,493,TP 4,4677,8235,0.293,I
1287,2023-06-06,2022-2,493,Lab 5,4711,8235,0.773,R
1288,2023-06-06,2022-2,493,TP 5,4751,8235,0.556,R
1289,2023-06-15,2022-2,493,Lab 6,4776,8235,0.514,R
1290,2023-06-22,2022-2,493,TP 6,4802,8235,0.73,R
1291,2023-03-26,2022-2,493,Lab 1,4409,8236,0.701,R
1292,2023-04-11,2022-2,493,TP 1,4451,8236,0.804,B
1293,2023-04-16,2022-2,493,Lab 2,4504,8236,0.787,R
1294,2023-04-25,2022-2,493,TP 2,4537,8236,1.0,O
1295,2023-05-09,2022-2,493,Lab 3,4556,8236,0.807,B
1296,2023-05-09,2022-2,493,TP 3,4614,8236,0.818,B
1297,2023-05-16,2022-2,493,Lab 4,4638,8236,0.735,R
1298,2023-05-23,2022-2,493,TP 4,4677,8236,0.767,R
1299,2023-06-06,2022-2,493,Lab 5,4711,8236,0.86,B
1300,2023-06-06,2022-2,493,TP 5,4751,8236,0.677,R
1301,2023-06-15,2022-2,493,Lab 6,4776,8236,0.58,R
1302,2023-06-22,2022-2,493,TP 6,4802,8236,0.77,R
1303,2023-03-29,2022-2,493,Lab 1,4409,8237,0.843,B
1304,2023-04-11,2022-2,493,TP 1,4451,8237,0.978,O
1305,2023-04-18,2022-2,493,Lab 2,4504,8237,0.768,R
1306,2023-04-25,2022-2,493,TP 2,4537,8237,0.86,B
1307,2023-05-06,2022-2,493,Lab 3,4556,8237,0.772,R
1308,2023-05-09,2022-2,493,TP 3,4614,8237,1.0,O
1309,2023-05-16,2022-2,493,Lab 4,4638,8237,0.712,R
1310,2023-05-23,2022-2,493,TP 4,4677,8237,0.449,I
1311,2023-06-05,2022-2,493,Lab 5,4711,8237,0.657,R
1312,2023-06-06,2022-2,493,TP 5,4751,8237,0.797,R
1313,2023-06-15,2022-2,493,Lab 6,4776,8237,0.677,R
1314,2023-06-22,2022-2,493,TP 6,4802,8237,0.794,R
1315,2023-05-04,2022-2,494,Lab 3,4569,3590,0.976,O
1316,2023-05-08,2022-2,494,TP 3,4623,3590,0.833,B
1317,2023-05-18,2022-2,494,Lab 4,4634,3590,0.899,B
1318,2023-05-22,2022-2,494,TP 4,4676,3590,1.0,O
1319,2023-06-05,2022-2,494,TP 5,4748,3590,0.95,O
1320,2023-06-19,2022-2,494,Lab 6,4760,3590,1.0,O
1321,2023-06-19,2022-2,494,TP 6,4794,3590,1.0,O
1322,2023-03-30,2022-2,494,Lab 1,4419,4190,1.0,O
1323,2023-04-05,2022-2,494,TP 1,4456,4190,1.0,O
1324,2023-04-12,2022-2,494,Lab 2,4498,4190,0.923,O
1325,2023-04-19,2022-2,494,TP 2,4539,4190,1.0,O
1326,2023-04-30,2022-2,494,Lab 3,4569,4190,0.78,R
1327,2023-05-08,2022-2,494,TP 3,4623,4190,1.0,O
1328,2023-05-15,2022-2,494,Lab 4,4634,4190,0.916,O
1329,2023-05-22,2022-2,494,TP 4,4676,4190,0.917,O
1330,2023-05-28,2022-2,494,Lab 5,4705,4190,0.782,R
1331,2023-06-05,2022-2,494,TP 5,4748,4190,0.867,B
1332,2023-06-18,2022-2,494,Lab 6,4760,4190,0.786,R
1333,2023-06-19,2022-2,494,TP 6,4794,4190,0.849,B
1334,2023-04-26,2022-2,494,Lab 3,4569,4330,0.784,R
1335,2023-04-03,2022-2,494,Lab 1,4419,4552,0.0,I
1336,2023-04-05,2022-2,494,TP 1,4456,4552,0.0,I
1337,2023-04-17,2022-2,494,Lab 2,4498,4552,0.0,I
1338,2023-04-19,2022-2,494,TP 2,4539,4552,0.0,I
1339,2023-04-30,2022-2,494,Lab 3,4569,4552,0.0,I
1340,2023-05-08,2022-2,494,TP 3,4623,4552,0.0,I
1341,2023-05-21,2022-2,494,Lab 4,4634,4552,0.0,I
1342,2023-05-22,2022-2,494,TP 4,4676,4552,0.0,I
1343,2023-05-28,2022-2,494,Lab 5,4705,4552,0.0,I
1344,2023-06-05,2022-2,494,TP 5,4748,4552,0.0,I
1345,2023-06-18,2022-2,494,Lab 6,4760,4552,1.0,O
1346,2023-06-19,2022-2,494,TP 6,4794,4552,0.0,I
1347,2023-03-29,2022-2,494,Lab 1,4419,5210,0.929,O
1348,2023-04-05,2022-2,494,TP 1,4456,5210,0.75,R
1349,2023-04-17,2022-2,494,Lab 2,4498,5210,0.724,R
1350,2023-04-19,2022-2,494,TP 2,4539,5210,0.909,O
1351,2023-05-01,2022-2,494,Lab 3,4569,5210,0.619,R
1352,2023-05-08,2022-2,494,TP 3,4623,5210,0.682,R
1353,2023-05-18,2022-2,494,Lab 4,4634,5210,0.705,R
1354,2023-05-22,2022-2,494,TP 4,4676,5210,1.0,O
1355,2023-05-28,2022-2,494,Lab 5,4705,5210,0.615,R
1356,2023-06-05,2022-2,494,TP 5,4748,5210,1.0,O
1357,2023-06-08,2022-2,494,Lab 6,4760,5210,0.76,R
1358,2023-06-19,2022-2,494,TP 6,4794,5210,0.561,R
1359,2023-04-19,2022-2,494,Lab 2,4498,6132,0.927,O
1360,2023-04-19,2022-2,494,TP 2,4539,6132,0.438,I
1361,2023-05-04,2022-2,494,Lab 3,4569,6132,0.835,B
1362,2023-05-08,2022-2,494,TP 3,4623,6132,0.67,R
1363,2023-05-15,2022-2,494,Lab 4,4634,6132,0.782,R
1364,2023-05-31,2022-2,494,Lab 5,4705,6132,0.78,R
1365,2023-04-05,2022-2,494,Lab 1,4419,6437,0.0,I
1366,2023-04-02,2022-2,494,Lab 1,4419,7220,0.529,R
1367,2023-04-19,2022-2,494,Lab 2,4498,7220,0.3,I
1368,2023-04-19,2022-2,494,TP 2,4539,7220,1.0,O
1369,2023-04-03,2022-2,494,Lab 1,4419,7702,0.0,I
1370,2023-04-05,2022-2,494,TP 1,4456,7702,1.0,O
1371,2023-04-13,2022-2,494,Lab 2,4498,7702,0.944,O
1372,2023-04-19,2022-2,494,TP 2,4539,7702,1.0,O
1373,2023-05-08,2022-2,494,Lab 3,4569,7702,0.386,I
1374,2023-05-21,2022-2,494,Lab 4,4634,7702,0.856,B
1375,2023-05-22,2022-2,494,TP 4,4676,7702,0.783,R
1376,2023-04-03,2022-2,494,Lab 1,4419,7757,0.614,R
1377,2023-04-05,2022-2,494,TP 1,4456,7757,0.848,B
1378,2023-04-19,2022-2,494,Lab 2,4498,7757,0.635,R
1379,2023-04-19,2022-2,494,TP 2,4539,7757,0.324,I
1380,2023-05-03,2022-2,494,Lab 3,4569,7757,0.757,R
1381,2023-05-08,2022-2,494,TP 3,4623,7757,0.84,B
1382,2023-05-22,2022-2,494,Lab 4,4634,7757,0.42,I
1383,2023-05-22,2022-2,494,TP 4,4676,7757,0.417,I
1384,2023-05-29,2022-2,494,Lab 5,4705,7757,0.569,R
1385,2023-06-05,2022-2,494,TP 5,4748,7757,0.434,I
1386,2023-06-14,2022-2,494,Lab 6,4760,7757,0.748,R
1387,2023-06-19,2022-2,494,TP 6,4794,7757,0.7,R
1388,2023-03-29,2022-2,494,Lab 1,4419,8197,0.5,R
1389,2023-04-05,2022-2,494,TP 1,4456,8197,1.0,O
1390,2023-04-12,2022-2,494,Lab 2,4498,8197,0.822,B
1391,2023-04-19,2022-2,494,TP 2,4539,8197,0.939,O
1392,2023-05-03,2022-2,494,Lab 3,4569,8197,0.914,O
1393,2023-05-08,2022-2,494,TP 3,4623,8197,0.895,B
1394,2023-05-15,2022-2,494,Lab 4,4634,8197,0.771,R
1395,2023-05-22,2022-2,494,TP 4,4676,8197,1.0,O
1396,2023-05-31,2022-2,494,Lab 5,4705,8197,0.62,R
1397,2023-06-05,2022-2,494,TP 5,4748,8197,0.545,R
1398,2023-06-12,2022-2,494,Lab 6,4760,8197,0.639,R
1399,2023-06-19,2022-2,494,TP 6,4794,8197,0.408,I
